Fwd IAT Max,Fwd IAT Min,Protocol,Flow IAT Max,Fwd IAT Mean,Idle Max,Active Max,Idle Min,Average Packet Size,Min Packet Length,SYN Flag Count,Bwd IAT Min,Flow Duration,Fwd Packet Length Mean,Idle Mean,Fwd URG Flags,Subflow Fwd Bytes,Fwd PSH Flags,Fwd Header Length.1,Max Packet Length,Total Length of Fwd Packets,Flow ID,Bwd PSH Flags,Bwd Packets/s,Fwd IAT Total,Avg Bwd Segment Size,Fwd Avg Packets/Bulk,Fwd Packet Length Min,Flow Bytes/s,Idle Std,URG Flag Count,Packet Length Std,Packet Length Variance,act_data_pkt_fwd,Packet Length Mean,Fwd IAT Std,ACK Flag Count,Bwd Header Length,Down/Up Ratio,Flow IAT Std,Flow Packets/s,Fwd Packets/s,RST Flag Count,Fwd Header Length,Subflow Bwd Packets,Init_Win_bytes_forward,CWE Flag Count,Total Fwd Packets,Bwd Avg Bytes/Bulk,Label,Bwd Avg Packets/Bulk,Subflow Bwd Bytes,Bwd URG Flags,Fwd Packet Length Std,Bwd IAT Total,Subflow Fwd Packets,Timestamp,Total Backward Packets,Bwd Avg Bulk Rate,Active Std,Bwd Packet Length Mean,PSH Flag Count,Source Port,Destination IP,Fwd Packet Length Max,FIN Flag Count,Flow IAT Min,Source IP,Bwd IAT Mean,Total Length of Bwd Packets,Bwd Packet Length Max,Active Min,Bwd Packet Length Std,Destination Port,Init_Win_bytes_backward,ECE Flag Count,Bwd IAT Max,Fwd Avg Bytes/Bulk,Flow IAT Mean,Bwd IAT Std,min_seg_size_forward,Active Mean,Fwd Avg Bulk Rate,Bwd Packet Length Min,Avg Fwd Segment Size
805616.0,493.0,6,9993979.0,270417.6,0.0,0.0,0.0,622.6,0.0,0,11.0,11346067,124.0,0.0,0,744,0,140,1460.0,744.0,10.42.0.42-121.12.98.63-37102-80-6,0,0.7932264105262202,1352088.0,955.0,0,0.0,823.1046053227079,0.0,0,690.9286233034495,477382.3625000001,2,583.6875,328591.3924280428,0,192,1.0,2652667.723350926,1.3220440175437005,0.5288176070174802,0,140,9,65535,0,6,0,BENIGN,0,8595,0,192.0999739718879,11078381.0,6,22/06/2017 11:21:37,9,0,0.0,955.0,1,37102,121.12.98.63,372.0,0,11.0,10.42.0.42,1384797.625,8595.0,1460.0,0.0,718.2269836200809,80,511,0,9998021.0,0,810433.3571428572,3500662.602699133,20,0.0,0,0.0,124.0
0.0,0.0,17,406031.0,0.0,0.0,0.0,0.0,84.0,26.0,0,0.0,406031,26.0,0.0,0,26,0,32,116.0,26.0,10.42.0.1-10.42.0.42-53-29449-17,0,2.462866135836919,0.0,116.0,0,26.0,349.7269912888425,0.0,0,51.96152422706632,2700.0,0,56.0,0.0,0,20,1.0,0.0,4.925732271673838,2.462866135836919,0,32,1,-1,0,1,0,BENIGN,0,116,0,0.0,0.0,1,22/06/2017 11:23:18,1,0,0.0,116.0,0,29449,10.42.0.1,26.0,0,406031.0,10.42.0.42,0.0,116.0,116.0,0.0,0.0,53,-1,0,0.0,0,406031.0,0.0,32,0.0,0,116.0,26.0
16042607.0,990740.0,6,16042607.0,6211575.0,16042607.0,7004805.0,8010463.0,0.0,0.0,0,0.0,31057875,0.0,12026535.0,0,0,0,240,0.0,0.0,10.42.0.42-125.88.193.249-54304-80-6,0,0.0,31057875.0,0.0,0,0.0,0.0,5679583.489866841,0,0.0,0.0,0,0.0,6117409.230876785,0,0,0.0,6117409.230876785,0.1931877180908223,0.1931877180908223,0,240,0,65535,0,6,0,BENIGN,0,0,0,0.0,0.0,6,22/06/2017 11:21:38,0,0,0.0,0.0,1,54304,125.88.193.249,0.0,0,990740.0,10.42.0.42,0.0,0.0,0.0,7004805.0,0.0,80,-1,0,0.0,0,6211575.0,0.0,40,7004805.0,0,0.0,0.0
14949232.0,14949232.0,6,14949232.0,14949232.0,0.0,0.0,0.0,0.0,0.0,0,0.0,14949232,0.0,0.0,0,0,0,64,0.0,0.0,10.42.0.42-103.7.30.118-54181-80-6,0,0.0,14949232.0,0.0,0,0.0,0.0,0.0,0,0.0,0.0,0,0.0,0.0,1,0,0.0,0.0,0.1337861369734579,0.1337861369734579,0,64,0,1386,0,2,0,BENIGN,0,0,0,0.0,0.0,2,22/06/2017 11:23:48,0,0,0.0,0.0,0,54181,103.7.30.118,0.0,0,14949232.0,10.42.0.42,0.0,0.0,0.0,0.0,0.0,80,-1,0,0.0,0,14949232.0,0.0,32,0.0,0,0.0,0.0
0.0,0.0,6,36507.0,0.0,0.0,0.0,0.0,23.0,0.0,1,0.0,36507,23.0,0.0,0,23,1,32,23.0,23.0,172.217.12.174-10.42.0.42-443-35188-6,0,27.3920070123538,0.0,0.0,0,23.0,630.0161612841373,0.0,0,13.279056191361391,176.33333333333334,0,15.333333333333332,0.0,1,32,1.0,0.0,54.784014024707595,27.3920070123538,0,32,1,1419,0,1,0,BENIGN,0,0,0,0.0,0.0,1,22/06/2017 11:20:28,1,0,0.0,0.0,0,35188,172.217.12.174,23.0,0,36507.0,10.42.0.42,0.0,0.0,0.0,0.0,0.0,443,468,0,0.0,0,36507.0,0.0,32,0.0,0,0.0,23.0
3683828.0,3683828.0,6,3683828.0,3683828.0,0.0,0.0,0.0,0.0,0.0,0,0.0,3683828,0.0,0.0,0,0,0,64,0.0,0.0,10.42.0.42-31.13.71.1-59744-443-6,0,0.0,3683828.0,0.0,0,0.0,0.0,0.0,1,0.0,0.0,0,0.0,0.0,1,0,0.0,0.0,0.5429135127915853,0.5429135127915853,0,64,0,1547,0,2,0,BENIGN,0,0,0,0.0,0.0,2,22/06/2017 11:20:47,0,0,0.0,0.0,0,59744,31.13.71.1,0.0,0,3683828.0,10.42.0.42,0.0,0.0,0.0,0.0,0.0,443,-1,0,0.0,0,3683828.0,0.0,32,0.0,0,0.0,0.0
208964.0,208964.0,6,208964.0,208964.0,0.0,0.0,0.0,0.0,0.0,0,0.0,224095,0.0,0.0,0,0,0,64,0.0,0.0,192.229.163.180-10.42.0.42-443-47263-6,0,4.462393181463219,208964.0,0.0,0,0.0,0.0,0.0,1,0.0,0.0,0,0.0,0.0,1,32,0.0,137060.62871773206,13.387179544389657,8.924786362926438,0,64,1,290,0,2,0,BENIGN,0,0,0,0.0,0.0,2,22/06/2017 11:22:54,1,0,0.0,0.0,0,47263,192.229.163.180,0.0,0,15131.0,10.42.0.42,0.0,0.0,0.0,0.0,0.0,443,290,0,0.0,0,112047.5,0.0,32,0.0,0,0.0,0.0
999331.0,267298.0,6,4252011.0,551994.0,0.0,0.0,0.0,0.0,0.0,0,401467.0,5907993,0.0,0.0,0,0,0,132,0.0,0.0,183.56.172.140-10.42.0.42-80-49757-6,0,0.507786654452705,1655982.0,0.0,0,0.0,0.0,0.0,0,0.0,0.0,0,0.0,392182.5460585925,0,84,0.0,1641652.348454538,1.1848355270563116,0.6770488726036067,0,132,3,65535,0,4,0,BENIGN,0,0,0,0.0,4655557.0,4,22/06/2017 11:21:37,3,0,0.0,0.0,1,49757,183.56.172.140,0.0,0,2079.0,10.42.0.42,2327778.5,0.0,0.0,0.0,0.0,80,183,0,4254090.0,0,984665.5,2724215.84865526,20,0.0,0,0.0,0.0
0.0,0.0,6,242670.0,0.0,0.0,0.0,0.0,0.0,0.0,0,0.0,242670,0.0,0.0,0,0,0,20,0.0,0.0,10.42.0.42-125.88.193.226-58878-80-6,0,4.120822516174228,0.0,0.0,0,0.0,0.0,0.0,1,0.0,0.0,0,0.0,0.0,1,20,1.0,0.0,8.241645032348456,4.120822516174228,0,20,1,1386,0,1,0,BENIGN,0,0,0,0.0,0.0,1,22/06/2017 11:22:42,1,0,0.0,0.0,0,58878,125.88.193.226,0.0,0,242670.0,10.42.0.42,0.0,0.0,0.0,0.0,0.0,80,31,0,0.0,0,242670.0,0.0,20,0.0,0,0.0,0.0
47080311.0,997162.0,6,47080311.0,16495077.0,0.0,0.0,0.0,0.0,0.0,0,0.0,49485231,0.0,0.0,0,0,0,120,0.0,0.0,10.42.0.42-121.12.98.63-37116-80-6,0,0.0202080495491675,49485231.0,0.0,0,0.0,0.0,0.0,0,0.0,0.0,0,0.0,26488385.216824204,0,32,0.0,23146646.678405453,0.1010402477458375,0.08083219819667,0,120,1,65535,0,4,0,BENIGN,0,0,0,0.0,0.0,4,22/06/2017 11:21:39,1,0,0.0,0.0,1,37116,121.12.98.63,0.0,0,11827.0,10.42.0.42,0.0,0.0,0.0,0.0,0.0,80,64240,0,0.0,0,12371307.75,0.0,20,0.0,0,0.0,0.0
0.0,0.0,17,974910.0,0.0,0.0,0.0,0.0,79.5,34.0,0,0.0,974910,34.0,0.0,0,34,0,40,91.0,34.0,10.42.0.1-10.42.0.42-53-20776-17,0,1.0257357089372352,0.0,91.0,0,34.0,128.2169636171544,0.0,0,32.90896534380867,1083.0,0,53.0,0.0,0,20,1.0,0.0,2.0514714178744704,1.0257357089372352,0,40,1,-1,0,1,0,BENIGN,0,91,0,0.0,0.0,1,22/06/2017 11:21:37,1,0,0.0,91.0,0,20776,10.42.0.1,34.0,0,974910.0,10.42.0.42,0.0,91.0,91.0,0.0,0.0,53,-1,0,0.0,0,974910.0,0.0,40,0.0,0,91.0,34.0
59235445.0,16.0,0,59235445.0,11899802.599999998,59235445.0,156590.0,59235445.0,0.0,0.0,0,0.0,59499013,0.0,59235445.0,0,0,0,0,0.0,0.0,8.0.6.4-8.6.0.1-0-0-0,0,0.0,59499013.0,0.0,0,0.0,0.0,0.0,0,0.0,0.0,0,0.0,26461514.802769095,0,0,0.0,26461514.802769095,0.1008420089254253,0.1008420089254253,0,0,0,-1,0,6,0,BENIGN,0,0,0,0.0,0.0,6,22/06/2017 11:30:38,0,0,0.0,0.0,0,0,8.0.6.4,0.0,0,16.0,8.6.0.1,0.0,0.0,0.0,156590.0,0.0,0,-1,0,0.0,0,11899802.599999998,0.0,0,156590.0,0,0.0,0.0
6522.0,567.0,6,6522.0,3544.5,0.0,0.0,0.0,0.0,0.0,0,0.0,7089,0.0,0.0,0,0,0,96,0.0,0.0,131.253.61.98-10.42.0.42-443-48760-6,0,0.0,7089.0,0.0,0,0.0,0.0,0.0,0,0.0,0.0,0,0.0,4210.82088196589,1,0,0.0,4210.82088196589,423.1908590774439,423.1908590774439,0,96,0,1595,0,3,0,BENIGN,0,0,0,0.0,0.0,3,22/06/2017 11:24:03,0,0,0.0,0.0,0,48760,131.253.61.98,0.0,0,567.0,10.42.0.42,0.0,0.0,0.0,0.0,0.0,443,-1,0,0.0,0,3544.5,0.0,32,0.0,0,0.0,0.0
19994.0,74.0,6,19994.0,10034.0,0.0,0.0,0.0,0.0,0.0,0,0.0,20068,0.0,0.0,0,0,0,60,0.0,0.0,10.42.0.42-104.192.110.245-36083-443-6,0,0.0,20068.0,0.0,0,0.0,0.0,0.0,0,0.0,0.0,0,0.0,14085.567081236026,1,0,0.0,14085.567081236026,149.49172812437712,149.49172812437712,0,60,0,4380,0,3,0,BENIGN,0,0,0,0.0,0.0,3,22/06/2017 11:24:35,0,0,0.0,0.0,0,36083,104.192.110.245,0.0,0,74.0,10.42.0.42,0.0,0.0,0.0,0.0,0.0,443,-1,0,0.0,0,10034.0,0.0,20,0.0,0,0.0,0.0
0.0,0.0,6,157363.0,0.0,0.0,0.0,0.0,0.0,0.0,0,0.0,157363,0.0,0.0,0,0,0,32,0.0,0.0,172.217.12.174-10.42.0.42-443-40157-6,0,6.354733959062804,0.0,0.0,0,0.0,0.0,0.0,1,0.0,0.0,0,0.0,0.0,1,32,1.0,0.0,12.709467918125608,6.354733959062804,0,32,1,447,0,1,0,BENIGN,0,0,0,0.0,0.0,1,22/06/2017 11:22:48,1,0,0.0,0.0,0,443,10.42.0.42,0.0,0,157363.0,172.217.12.174,0.0,0.0,0.0,0.0,0.0,40157,1453,0,0.0,0,157363.0,0.0,32,0.0,0,0.0,0.0
0.0,0.0,6,1316070.0,0.0,0.0,0.0,0.0,0.0,0.0,0,0.0,1316070,0.0,0.0,0,0,0,32,0.0,0.0,10.42.0.42-121.12.98.63-37068-80-6,0,0.7598380025378589,0.0,0.0,0,0.0,0.0,0.0,0,0.0,0.0,0,0.0,0.0,1,20,1.0,0.0,1.519676005075718,0.7598380025378589,0,32,1,2054,0,1,0,BENIGN,0,0,0,0.0,0.0,1,22/06/2017 11:21:48,1,0,0.0,0.0,0,37068,121.12.98.63,0.0,0,1316070.0,10.42.0.42,0.0,0.0,0.0,0.0,0.0,80,519,0,0.0,0,1316070.0,0.0,32,0.0,0,0.0,0.0
260218.0,412.0,6,29950417.0,142483.6,0.0,0.0,0.0,138.1818181818182,0.0,0,361.0,30662835,204.33333333333331,0.0,0,1226,0,200,658.0,1226.0,10.42.0.42-103.7.30.118-54180-80-6,0,0.1630638523802512,712418.0,58.8,0,0.0,49.57141112359636,0.0,0,234.76732517472905,55115.69696969697,2,126.66666666666669,128552.67331837172,0,168,0.0,9446642.130139016,0.3587404752365526,0.1956766228563014,0,200,5,65535,0,6,0,BENIGN,0,294,0,317.8286750226711,30444659.0,6,22/06/2017 11:23:17,5,0,0.0,58.8,1,54180,103.7.30.118,658.0,0,361.0,10.42.0.42,7611164.75,294.0,147.0,0.0,80.51521595325941,80,8,0,29992019.0,0,3066283.5,14920949.105520876,32,0.0,0,0.0,204.33333333333337
36182.0,6.0,6,31648.0,4807.09090909091,0.0,0.0,0.0,732.3269230769231,0.0,0,2.0,105756,16.173913043478265,0.0,0,372,0,744,1448.0,372.0,10.42.0.42-52.84.40.168-43410-80-6,0,274.21612012557205,105756.0,1300.3103448275865,0,0.0,360083.5886379969,0.0,0,712.3333711402674,507418.8316400581,1,718.509433962264,10439.186612672424,0,936,1.0,6416.782928613152,491.69787056999127,217.4817504444192,0,744,29,65535,0,23,0,BENIGN,0,37709,0,77.56736202923182,71724.0,23,22/06/2017 11:21:36,29,0,0.0,1300.3103448275865,1,43410,52.84.40.168,372.0,0,2.0,10.42.0.42,2561.571428571429,37709.0,1448.0,0.0,404.2431290562186,80,118,0,35120.0,0,2073.647058823529,7604.052021314502,32,0.0,0,0.0,16.17391304347826
81471.0,472.0,6,67921.0,35724.0,0.0,0.0,0.0,330.05555555555554,0.0,0,10.0,285792,144.0,0.0,0,1296,0,296,1418.0,1296.0,172.217.6.234-10.42.0.42-443-33421-6,0,31.49143432986228,285792.0,516.1111111111111,0,0.0,20787.84570596798,0.0,0,476.99406619085585,227523.33918128657,3,312.68421052631584,30280.106859596308,0,296,1.0,23347.631469178796,62.98286865972456,31.49143432986228,0,296,9,65535,0,9,0,BENIGN,0,4645,0,310.53663229963706,235576.0,9,22/06/2017 11:23:44,9,0,0.0,516.1111111111111,1,33421,172.217.6.234,944.0,0,10.0,10.42.0.42,29447.0,4645.0,1418.0,0.0,569.8303353728293,443,362,0,114173.0,0,16811.294117647056,44486.064957788425,32,0.0,0,0.0,144.0
0.0,0.0,6,192142.0,0.0,0.0,0.0,0.0,0.0,0.0,0,0.0,192142,0.0,0.0,0,0,0,32,0.0,0.0,172.217.12.174-10.42.0.42-443-36531-6,0,5.204484183572566,0.0,0.0,0,0.0,0.0,0.0,1,0.0,0.0,0,0.0,0.0,1,32,1.0,0.0,10.408968367145132,5.204484183572566,0,32,1,362,0,1,0,BENIGN,0,0,0,0.0,0.0,1,22/06/2017 11:22:56,1,0,0.0,0.0,0,443,10.42.0.42,0.0,0,192142.0,172.217.12.174,0.0,0.0,0.0,0.0,0.0,36531,1419,0,0.0,0,192142.0,0.0,32,0.0,0,0.0,0.0
230557.0,521.0,6,29540455.0,152046.33333333334,0.0,0.0,0.0,364.2,0.0,0,17.0,29996594,88.0,0.0,0,352,0,100,1460.0,352.0,203.205.158.35-10.42.0.42-80-60658-6,0,0.2000227092449229,456139.0,548.3333333333334,0,0.0,121.4137845116682,0.0,0,571.942209413758,327117.89090909093,1,331.09090909090907,131253.55799113918,0,132,1.0,9828277.96516496,0.3333711820748715,0.1333484728299486,0,100,6,65535,0,4,0,BENIGN,0,3290,0,176.0,29773749.0,4,22/06/2017 11:23:16,6,0,0.0,548.3333333333334,1,60658,203.205.158.35,352.0,0,17.0,10.42.0.42,5954749.8,3290.0,1460.0,0.0,714.0155927335668,80,123,0,29547911.0,0,3332954.888888889,13189337.72081232,20,0.0,0,0.0,88.0
1027373.0,31.0,6,8966923.0,380040.5,0.0,0.0,0.0,298.15384615384613,0.0,0,18.0,11247166,106.2857142857143,0.0,0,744,0,172,1460.0,744.0,10.42.0.42-121.12.98.63-37104-80-6,0,0.5334677197793649,2280243.0,522.0,0,0.0,344.6201469774697,0.0,0,458.5144670384093,210235.5164835165,2,276.85714285714283,416243.8420328882,0,132,0.0,2550841.9805114917,1.1558467261886238,0.622379006409259,0,172,6,65535,0,7,0,BENIGN,0,3132,0,181.51741356842717,10996312.0,7,22/06/2017 11:21:37,6,0,0.0,522.0,1,37104,121.12.98.63,372.0,0,18.0,10.42.0.42,2199262.4,3132.0,1460.0,0.0,615.5465863766933,80,511,0,8974721.0,0,937263.8333333333,3821128.0063844104,20,0.0,0,0.0,106.28571428571428
14949286.0,14949286.0,6,14949286.0,14949286.0,0.0,0.0,0.0,0.0,0.0,0,0.0,14949286,0.0,0.0,0,0,0,64,0.0,0.0,203.205.158.62-10.42.0.42-80-46400-6,0,0.0,14949286.0,0.0,0,0.0,0.0,0.0,0,0.0,0.0,0,0.0,0.0,1,0,0.0,0.0,0.1337856537094815,0.1337856537094815,0,64,0,1975,0,2,0,BENIGN,0,0,0,0.0,0.0,2,22/06/2017 11:23:48,0,0,0.0,0.0,0,46400,203.205.158.62,0.0,0,14949286.0,10.42.0.42,0.0,0.0,0.0,0.0,0.0,80,-1,0,0.0,0,14949286.0,0.0,32,0.0,0,0.0,0.0
0.0,0.0,6,197141.0,0.0,0.0,0.0,0.0,0.0,0.0,0,0.0,197141,0.0,0.0,0,0,0,32,0.0,0.0,172.217.12.194-10.42.0.42-443-53390-6,0,5.072511552645061,0.0,0.0,0,0.0,0.0,0.0,1,0.0,0.0,0,0.0,0.0,1,32,1.0,0.0,10.145023105290122,5.072511552645061,0,32,1,349,0,1,0,BENIGN,0,0,0,0.0,0.0,1,22/06/2017 11:21:59,1,0,0.0,0.0,0,443,10.42.0.42,0.0,0,197141.0,172.217.12.194,0.0,0.0,0.0,0.0,0.0,53390,1549,0,0.0,0,197141.0,0.0,32,0.0,0,0.0,0.0
25399793.0,162046.0,6,25399793.0,12780919.5,0.0,0.0,0.0,0.0,0.0,0,0.0,25561839,0.0,0.0,0,0,0,96,0.0,0.0,10.42.0.42-54.192.36.129-46374-80-6,0,0.0,25561839.0,0.0,0,0.0,0.0,0.0,1,0.0,0.0,0,0.0,17845782.045570448,1,0,0.0,17845782.045570448,0.117362447983496,0.117362447983496,0,96,0,118,0,3,0,BENIGN,0,0,0,0.0,0.0,3,22/06/2017 11:23:37,0,0,0.0,0.0,0,46374,54.192.36.129,0.0,0,162046.0,10.42.0.42,0.0,0.0,0.0,0.0,0.0,80,-1,0,0.0,0,12780919.5,0.0,32,0.0,0,0.0,0.0
82214.0,1360.0,6,54060.0,39260.3125,0.0,0.0,0.0,432.82758620689657,0.0,0,12.0,628165,110.11764705882352,0.0,0,1872,0,552,1418.0,1872.0,172.217.10.80-10.42.0.42-443-51745-6,0,19.1032610858612,628165.0,890.0,0,0.0,19982.011095810816,0.0,0,509.50182565406726,259592.11034482755,8,418.3999999999999,23876.982552851325,0,392,0.0,19184.208790685196,46.166214290831235,27.062953204970032,0,552,12,65535,0,17,0,BENIGN,0,10680,0,123.97070337026264,589022.0,17,22/06/2017 11:20:08,12,0,0.0,890.0,1,51745,172.217.10.80,260.0,0,12.0,10.42.0.42,53547.45454545455,10680.0,1418.0,0.0,506.5649020609304,443,390,0,133439.0,0,22434.46428571428,47196.83032230795,32,0.0,0,0.0,110.11764705882354
0.0,0.0,6,229171.0,0.0,0.0,0.0,0.0,0.0,0.0,0,0.0,229171,0.0,0.0,0,0,0,32,0.0,0.0,192.229.163.180-10.42.0.42-443-47262-6,0,4.363553852799874,0.0,0.0,0,0.0,0.0,0.0,1,0.0,0.0,0,0.0,0.0,1,32,1.0,0.0,8.727107705599748,4.363553852799874,0,32,1,292,0,1,0,BENIGN,0,0,0,0.0,0.0,1,22/06/2017 11:22:55,1,0,0.0,0.0,0,47262,192.229.163.180,0.0,0,229171.0,10.42.0.42,0.0,0.0,0.0,0.0,0.0,443,292,0,0.0,0,229171.0,0.0,32,0.0,0,0.0,0.0
0.0,0.0,6,7302.0,0.0,0.0,0.0,0.0,0.0,0.0,0,3509.0,10811,0.0,0.0,0,0,0,32,0.0,0.0,172.217.10.142-10.42.0.42-443-48713-6,0,184.99676255665528,0.0,0.0,0,0.0,0.0,0.0,1,0.0,0.0,0,0.0,0.0,1,76,2.0,2682.0560210405747,277.4951438349829,92.49838127832764,0,32,2,349,0,1,0,BENIGN,0,0,0,0.0,3509.0,1,22/06/2017 11:23:53,2,0,0.0,0.0,0,443,10.42.0.42,0.0,0,3509.0,172.217.10.142,3509.0,0.0,0.0,0.0,0.0,48713,1638,0,3509.0,0,5405.5,0.0,32,0.0,0,0.0,0.0
1003432.0,428343.0,6,20300913.0,715887.5,0.0,0.0,0.0,0.0,0.0,0,20489715.0,21732688,0.0,0.0,0,0,0,112,0.0,0.0,10.42.0.42-14.17.42.57-36246-80-6,0,0.0920272724662499,1431775.0,0.0,0,0.0,0.0,0.0,0,0.0,0.0,0,0.0,406649.3316857904,0,72,0.0,9918829.544049742,0.2300681811656248,0.1380409086993748,0,112,2,65535,0,3,0,BENIGN,0,0,0,0.0,20489715.0,3,22/06/2017 11:24:24,2,0,0.0,0.0,1,36246,14.17.42.57,0.0,0,188802.0,10.42.0.42,20489715.0,0.0,0.0,0.0,0.0,80,112,0,20489715.0,0,5433172.0,0.0,32,0.0,0,0.0,0.0
14949231.0,14949231.0,6,14949231.0,14949231.0,0.0,0.0,0.0,0.0,0.0,0,0.0,14949231,0.0,0.0,0,0,0,64,0.0,0.0,203.205.158.62-10.42.0.42-80-46398-6,0,0.0,14949231.0,0.0,0,0.0,0.0,0.0,0,0.0,0.0,0,0.0,0.0,1,0,0.0,0.0,0.1337861459228237,0.1337861459228237,0,64,0,2111,0,2,0,BENIGN,0,0,0,0.0,0.0,2,22/06/2017 11:23:48,0,0,0.0,0.0,0,46398,203.205.158.62,0.0,0,14949231.0,10.42.0.42,0.0,0.0,0.0,0.0,0.0,80,-1,0,0.0,0,14949231.0,0.0,32,0.0,0,0.0,0.0
48296772.0,48296772.0,6,48296772.0,48296772.0,0.0,0.0,0.0,0.0,0.0,0,0.0,48296772,0.0,0.0,0,0,0,40,0.0,0.0,10.42.0.42-36.110.213.49-49695-80-6,0,0.0,48296772.0,0.0,0,0.0,0.0,0.0,0,0.0,0.0,0,0.0,0.0,1,0,0.0,0.0,0.0414106350627325,0.0414106350627325,0,40,0,1643,0,2,0,BENIGN,0,0,0,0.0,0.0,2,22/06/2017 11:21:40,0,0,0.0,0.0,0,49695,36.110.213.49,0.0,0,48296772.0,10.42.0.42,0.0,0.0,0.0,0.0,0.0,80,-1,0,0.0,0,48296772.0,0.0,20,0.0,0,0.0,0.0
0.0,0.0,6,40076.0,0.0,0.0,0.0,0.0,0.0,0.0,0,0.0,40076,0.0,0.0,0,0,0,32,0.0,0.0,172.217.3.110-10.42.0.42-80-38250-6,0,24.952590078850186,0.0,0.0,0,0.0,0.0,0.0,1,0.0,0.0,0,0.0,0.0,1,32,1.0,0.0,49.90518015770037,24.952590078850186,0,32,1,340,0,1,0,BENIGN,0,0,0,0.0,0.0,1,22/06/2017 11:21:12,1,0,0.0,0.0,0,80,10.42.0.42,0.0,0,40076.0,172.217.3.110,0.0,0.0,0.0,0.0,0.0,38250,1369,0,0.0,0,40076.0,0.0,32,0.0,0,0.0,0.0
0.0,0.0,6,183.0,0.0,0.0,0.0,0.0,55.0,0.0,1,0.0,183,55.0,0.0,0,55,1,32,55.0,55.0,172.217.11.42-10.42.0.42-443-44460-6,0,5464.48087431694,0.0,0.0,0,55.0,300546.44808743167,0.0,0,31.754264805429415,1008.3333333333331,0,36.66666666666667,0.0,1,32,1.0,0.0,10928.96174863388,5464.48087431694,0,32,1,349,0,1,0,BENIGN,0,0,0,0.0,0.0,1,22/06/2017 11:25:37,1,0,0.0,0.0,0,44460,172.217.11.42,55.0,0,183.0,10.42.0.42,0.0,0.0,0.0,0.0,0.0,443,349,0,0.0,0,183.0,0.0,32,0.0,0,0.0,55.0
224352.0,224352.0,6,224352.0,224352.0,0.0,0.0,0.0,0.0,0.0,0,0.0,224352,0.0,0.0,0,0,0,64,0.0,0.0,172.217.6.234-10.42.0.42-443-36491-6,0,0.0,224352.0,0.0,0,0.0,0.0,0.0,1,0.0,0.0,0,0.0,0.0,1,0,0.0,0.0,8.914562829838825,8.914562829838825,0,64,0,383,0,2,0,BENIGN,0,0,0,0.0,0.0,2,22/06/2017 11:26:33,0,0,0.0,0.0,0,36491,172.217.6.234,0.0,0,224352.0,10.42.0.42,0.0,0.0,0.0,0.0,0.0,443,-1,0,0.0,0,224352.0,0.0,32,0.0,0,0.0,0.0
67991694.0,133137.0,6,67991694.0,34062415.5,0.0,0.0,0.0,0.0,0.0,0,0.0,68124831,0.0,0.0,0,0,0,96,0.0,0.0,192.229.163.180-10.42.0.42-443-47269-6,0,0.0,68124831.0,0.0,0,0.0,0.0,0.0,1,0.0,0.0,0,0.0,47983245.816233866,1,0,0.0,47983245.816233866,0.0440368064913071,0.0440368064913071,0,96,0,287,0,3,0,BENIGN,0,0,0,0.0,0.0,3,22/06/2017 11:22:55,0,0,0.0,0.0,0,47269,192.229.163.180,0.0,0,133137.0,10.42.0.42,0.0,0.0,0.0,0.0,0.0,443,-1,0,0.0,0,34062415.5,0.0,32,0.0,0,0.0,0.0
3683828.0,3683828.0,6,3683828.0,3683828.0,0.0,0.0,0.0,0.0,0.0,0,0.0,3683828,0.0,0.0,0,0,0,64,0.0,0.0,10.42.0.42-31.13.71.1-59744-443-6,0,0.0,3683828.0,0.0,0,0.0,0.0,0.0,1,0.0,0.0,0,0.0,0.0,1,0,0.0,0.0,0.5429135127915853,0.5429135127915853,0,64,0,1547,0,2,0,BENIGN,0,0,0,0.0,0.0,2,22/06/2017 11:20:47,0,0,0.0,0.0,0,59744,31.13.71.1,0.0,0,3683828.0,10.42.0.42,0.0,0.0,0.0,0.0,0.0,443,-1,0,0.0,0,3683828.0,0.0,32,0.0,0,0.0,0.0
1667325.0,61.0,6,1667325.0,119601.41176470587,0.0,0.0,0.0,710.936170212766,0.0,0,3.0,2033224,144.4444444444444,0.0,0,2600,0,584,1448.0,2600.0,192.229.163.180-10.42.0.42-443-47265-6,0,14.263062013826316,2033224.0,1062.551724137931,0,0.0,16433.998418275605,0.0,0,629.8583976290463,396721.60106382985,6,696.125,399316.09954506264,0,936,1.0,245083.8375592899,23.11599705689093,8.85293504306461,0,584,29,65535,0,18,0,BENIGN,0,30814,0,249.69398264139295,1964610.0,18,22/06/2017 11:19:52,29,0,0.0,1062.551724137931,1,47265,192.229.163.180,730.0,0,3.0,10.42.0.42,70164.64285714286,30814.0,1448.0,0.0,525.4015869658245,443,297,0,1695676.0,0,44200.52173913043,319559.2099831468,32,0.0,0,0.0,144.44444444444446
0.0,0.0,6,36469.0,0.0,0.0,0.0,0.0,0.0,0.0,0,0.0,36469,0.0,0.0,0,0,0,32,0.0,0.0,172.217.6.227-10.42.0.42-443-40468-6,0,27.420548959390167,0.0,0.0,0,0.0,0.0,0.0,1,0.0,0.0,0,0.0,0.0,1,32,1.0,0.0,54.841097918780335,27.420548959390167,0,32,1,1637,0,1,0,BENIGN,0,0,0,0.0,0.0,1,22/06/2017 11:26:29,1,0,0.0,0.0,0,40468,172.217.6.227,0.0,0,36469.0,10.42.0.42,0.0,0.0,0.0,0.0,0.0,443,357,0,0.0,0,36469.0,0.0,32,0.0,0,0.0,0.0
9289303.0,9289303.0,6,9289303.0,9289303.0,0.0,0.0,0.0,0.0,0.0,0,0.0,9289303,0.0,0.0,0,0,0,64,0.0,0.0,10.42.0.42-103.7.30.118-54196-80-6,0,0.0,9289303.0,0.0,0,0.0,0.0,0.0,0,0.0,0.0,0,0.0,0.0,1,0,0.0,0.0,0.2153014063595514,0.2153014063595514,0,64,0,1453,0,2,0,BENIGN,0,0,0,0.0,0.0,2,22/06/2017 11:23:53,0,0,0.0,0.0,0,54196,103.7.30.118,0.0,0,9289303.0,10.42.0.42,0.0,0.0,0.0,0.0,0.0,80,-1,0,0.0,0,9289303.0,0.0,32,0.0,0,0.0,0.0
0.0,0.0,6,183.0,0.0,0.0,0.0,0.0,55.0,0.0,1,0.0,183,55.0,0.0,0,55,1,32,55.0,55.0,172.217.11.42-10.42.0.42-443-44460-6,0,5464.48087431694,0.0,0.0,0,55.0,300546.44808743167,0.0,0,31.754264805429415,1008.3333333333331,0,36.66666666666667,0.0,1,32,1.0,0.0,10928.96174863388,5464.48087431694,0,32,1,349,0,1,0,BENIGN,0,0,0,0.0,0.0,1,22/06/2017 11:25:37,1,0,0.0,0.0,0,44460,172.217.11.42,55.0,0,183.0,10.42.0.42,0.0,0.0,0.0,0.0,0.0,443,349,0,0.0,0,183.0,0.0,32,0.0,0,0.0,55.0
48444206.0,254146.0,6,48444206.0,16565951.333333334,0.0,0.0,0.0,0.0,0.0,0,0.0,49697854,0.0,0.0,0,0,0,120,0.0,0.0,10.42.0.42-121.12.98.63-37111-80-6,0,0.0201215931778462,49697854.0,0.0,0,0.0,0.0,0.0,0,0.0,0.0,0,0.0,27609893.68571211,0,32,0.0,24016892.69064035,0.1006079658892313,0.080486372711385,0,120,1,65535,0,4,0,BENIGN,0,0,0,0.0,0.0,4,22/06/2017 11:21:38,1,0,0.0,0.0,1,37111,121.12.98.63,0.0,0,4227.0,10.42.0.42,0.0,0.0,0.0,0.0,0.0,80,64240,0,0.0,0,12424463.5,0.0,20,0.0,0,0.0,0.0
519763.0,5.0,17,488585.0,8658.095238095242,0.0,0.0,0.0,882.605220228385,30.0,0,7.0,1818200,59.9052132701422,0.0,0,12640,0,6064,1350.0,12640.0,172.217.6.227-10.42.0.42-443-48652-17,0,221.09778902210977,1818200.0,1311.0621890547263,0,35.0,296824.8817511825,0.0,0,620.9346369489839,385559.8233629664,210,881.1677524429966,39054.84887122881,0,11404,1.0,21355.627654703116,337.14662853371465,116.04883951160488,0,6064,402,-1,0,211,0,BENIGN,0,527047,0,138.17545961334474,1742753.0,211,22/06/2017 11:22:29,402,0,0.0,1311.062189054726,0,48652,172.217.6.227,1350.0,0,1.0,10.42.0.42,4346.017456359101,527047.0,1350.0,0.0,196.68079538937332,443,-1,0,541033.0,0,2970.9150326797394,31420.133339822005,20,0.0,0,30.0,59.90521327014218
3663720.0,29.0,17,3663720.0,453995.8888888889,0.0,0.0,0.0,521.1176470588235,24.0,0,28.0,4085963,421.2,0.0,0,4212,0,328,1350.0,4212.0,172.217.12.195-10.42.0.42-443-42157-17,0,1.7131824248041403,4085963.0,471.0,0,24.0,1837.7552611220417,0.0,0,598.961184051187,358754.5,9,492.16666666666663,1205317.0254949986,0,224,0.0,909764.8649386072,4.160585888810056,2.447403464005915,0,328,7,-1,0,10,0,BENIGN,0,3297,0,584.4940452125145,4003412.0,10,22/06/2017 11:19:51,7,0,0.0,471.00000000000006,0,42157,172.217.12.195,1350.0,0,10.0,10.42.0.42,667235.3333333334,3297.0,1350.0,0.0,610.2936451687281,443,-1,0,3872213.0,0,255372.6875,1570353.877737584,32,0.0,0,30.0,421.2
0.0,0.0,17,1223.0,0.0,0.0,0.0,0.0,91.0,29.0,0,0.0,1223,29.0,0.0,0,29,0,40,124.0,29.0,10.42.0.1-10.42.0.42-53-46245-17,0,817.6614881439085,0.0,124.0,0,29.0,125102.207686018,0.0,0,54.84827557301445,3008.3333333333335,0,60.66666666666667,0.0,0,40,1.0,0.0,1635.322976287817,817.6614881439085,0,40,1,-1,0,1,0,BENIGN,0,124,0,0.0,0.0,1,22/06/2017 11:23:17,1,0,0.0,124.0,0,46245,10.42.0.1,29.0,0,1223.0,10.42.0.42,0.0,124.0,124.0,0.0,0.0,53,-1,0,0.0,0,1223.0,0.0,40,0.0,0,124.0,29.0
0.0,0.0,17,1460772.0,0.0,0.0,0.0,0.0,114.5,30.0,0,0.0,1460772,30.0,0.0,0,30,0,20,169.0,30.0,10.42.0.1-10.42.0.42-53-41960-17,0,0.6845695289887813,0.0,169.0,0,30.0,136.22933626876747,0.0,0,80.25168741735799,6440.333333333334,0,76.33333333333334,0.0,0,20,1.0,0.0,1.3691390579775626,0.6845695289887813,0,20,1,-1,0,1,0,BENIGN,0,169,0,0.0,0.0,1,22/06/2017 11:21:35,1,0,0.0,169.0,0,41960,10.42.0.1,30.0,0,1460772.0,10.42.0.42,0.0,169.0,169.0,0.0,0.0,53,-1,0,0.0,0,1460772.0,0.0,20,0.0,0,169.0,30.0
0.0,0.0,17,61759.0,0.0,0.0,0.0,0.0,130.5,30.0,0,0.0,61759,30.0,0.0,0,30,0,40,201.0,30.0,10.42.0.1-10.42.0.42-53-60982-17,0,16.19197202027235,0.0,201.0,0,30.0,3740.345536682913,0.0,0,98.726896031426,9747.0,0,87.0,0.0,0,20,1.0,0.0,32.3839440405447,16.19197202027235,0,40,1,-1,0,1,0,BENIGN,0,201,0,0.0,0.0,1,22/06/2017 11:21:37,1,0,0.0,201.0,0,60982,10.42.0.1,30.0,0,61759.0,10.42.0.42,0.0,201.0,201.0,0.0,0.0,53,-1,0,0.0,0,61759.0,0.0,40,0.0,0,201.0,30.0
13786966.0,40669.0,6,13786966.0,6913817.5,0.0,0.0,0.0,0.0,0.0,0,0.0,13827635,0.0,0.0,0,0,0,104,0.0,0.0,172.217.6.227-10.42.0.42-80-41392-6,0,0.0723189468047138,13827635.0,0.0,0,0.0,0.0,0.0,0,0.0,0.0,0,0.0,9720099.824904297,0,40,0.0,7948186.257915722,0.2892757872188555,0.2169568404141416,0,104,1,65535,0,3,0,BENIGN,0,0,0,0.0,0.0,3,22/06/2017 11:22:28,1,0,0.0,0.0,1,41392,172.217.6.227,0.0,0,3487.0,10.42.0.42,0.0,0.0,0.0,0.0,0.0,80,42408,0,0.0,0,4609211.666666667,0.0,32,0.0,0,0.0,0.0
14745383.0,14745383.0,6,14745383.0,14745383.0,0.0,0.0,0.0,0.0,0.0,0,0.0,14745383,0.0,0.0,0,0,0,64,0.0,0.0,10.42.0.42-31.13.71.1-59744-443-6,0,0.0,14745383.0,0.0,0,0.0,0.0,0.0,1,0.0,0.0,0,0.0,0.0,1,0,0.0,0.0,0.13563567660467,0.13563567660467,0,64,0,1547,0,2,0,BENIGN,0,0,0,0.0,0.0,2,22/06/2017 11:20:58,0,0,0.0,0.0,0,59744,31.13.71.1,0.0,0,14745383.0,10.42.0.42,0.0,0.0,0.0,0.0,0.0,443,-1,0,0.0,0,14745383.0,0.0,32,0.0,0,0.0,0.0
50082881.0,255170.0,6,50082881.0,17109618.666666664,0.0,0.0,0.0,0.0,0.0,0,0.0,51328856,0.0,0.0,0,0,0,120,0.0,0.0,10.42.0.42-121.12.98.63-37089-80-6,0,0.0194822187348184,51328856.0,0.0,0,0.0,0.0,0.0,0,0.0,0.0,0,0.0,28558051.60353942,0,32,0.0,24837322.748373862,0.0974110936740924,0.0779288749392739,0,120,1,65535,0,4,0,BENIGN,0,0,0,0.0,0.0,4,22/06/2017 11:21:37,1,0,0.0,0.0,1,37089,121.12.98.63,0.0,0,2188.0,10.42.0.42,0.0,0.0,0.0,0.0,0.0,80,64240,0,0.0,0,12832214.0,0.0,20,0.0,0,0.0,0.0
38938005.0,38938005.0,6,38938005.0,38938005.0,0.0,0.0,0.0,0.0,0.0,0,0.0,38938005,0.0,0.0,0,0,0,40,0.0,0.0,10.42.0.42-121.12.98.63-37117-80-6,0,0.0,38938005.0,0.0,0,0.0,0.0,0.0,0,0.0,0.0,0,0.0,0.0,1,0,0.0,0.0,0.0513636998094792,0.0513636998094792,0,40,0,3149,0,2,0,BENIGN,0,0,0,0.0,0.0,2,22/06/2017 11:21:49,0,0,0.0,0.0,0,37117,121.12.98.63,0.0,0,38938005.0,10.42.0.42,0.0,0.0,0.0,0.0,0.0,80,-1,0,0.0,0,38938005.0,0.0,20,0.0,0,0.0,0.0
7365332.0,7365332.0,6,7365332.0,7365332.0,0.0,0.0,0.0,0.0,0.0,0,0.0,7365332,0.0,0.0,0,0,0,64,0.0,0.0,192.229.163.180-10.42.0.42-443-47269-6,0,0.0,7365332.0,0.0,0,0.0,0.0,0.0,1,0.0,0.0,0,0.0,0.0,1,0,0.0,0.0,0.2715424097650995,0.2715424097650995,0,64,0,1595,0,2,0,BENIGN,0,0,0,0.0,0.0,2,22/06/2017 11:24:10,0,0,0.0,0.0,0,47269,192.229.163.180,0.0,0,7365332.0,10.42.0.42,0.0,0.0,0.0,0.0,0.0,443,-1,0,0.0,0,7365332.0,0.0,32,0.0,0,0.0,0.0
48683007.0,253941.0,6,48683007.0,12831999.75,0.0,0.0,0.0,0.0,0.0,0,1385264.0,51327999,0.0,0.0,0,0,0,152,0.0,0.0,10.42.0.42-121.12.98.63-37090-80-6,0,0.0389650880409345,51327999.0,0.0,0,0.0,0.0,0.0,0,0.0,0.0,0,0.0,23905328.838897925,0,64,0.0,19666811.531845663,0.1363778081432708,0.0974127201023363,0,152,2,65535,0,5,0,BENIGN,0,0,0,0.0,1385264.0,5,22/06/2017 11:21:37,2,0,0.0,0.0,1,37090,121.12.98.63,0.0,0,1921.0,10.42.0.42,1385264.0,0.0,0.0,0.0,0.0,80,64240,0,1385264.0,0,8554666.5,0.0,20,0.0,0,0.0,0.0
0.0,0.0,17,336554.0,0.0,0.0,0.0,0.0,56.0,32.0,0,0.0,336554,32.0,0.0,0,32,0,20,48.0,32.0,10.42.0.1-10.42.0.42-53-26136-17,0,2.971291382660732,0.0,48.0,0,32.0,237.70331061285856,0.0,0,9.237604307034012,85.33333333333333,0,37.333333333333336,0.0,0,20,1.0,0.0,5.942582765321464,2.971291382660732,0,20,1,-1,0,1,0,BENIGN,0,48,0,0.0,0.0,1,22/06/2017 11:23:16,1,0,0.0,48.0,0,26136,10.42.0.1,32.0,0,336554.0,10.42.0.42,0.0,48.0,48.0,0.0,0.0,53,-1,0,0.0,0,336554.0,0.0,20,0.0,0,48.0,32.0
0.0,0.0,17,51140.0,0.0,0.0,0.0,0.0,75.5,37.0,0,0.0,51140,37.0,0.0,0,37,0,32,77.0,37.0,10.42.0.1-10.42.0.42-53-30071-17,0,19.554165037152913,0.0,77.0,0,37.0,2229.174814235432,0.0,0,23.094010767585033,533.3333333333334,0,50.333333333333336,0.0,0,32,1.0,0.0,39.108330074305826,19.554165037152913,0,32,1,-1,0,1,0,BENIGN,0,77,0,0.0,0.0,1,22/06/2017 11:20:03,1,0,0.0,77.0,0,30071,10.42.0.1,37.0,0,51140.0,10.42.0.42,0.0,77.0,77.0,0.0,0.0,53,-1,0,0.0,0,51140.0,0.0,32,0.0,0,77.0,37.0
1835697.0,8567.0,6,29133145.0,295056.53846153844,0.0,0.0,0.0,565.9761904761905,0.0,0,3.0,32968880,171.35714285714283,0.0,0,2399,0,456,1448.0,2399.0,203.205.158.63-10.42.0.42-80-52651-6,0,0.8492857506836751,3835735.0,763.2857142857143,0,0.0,721.0132706964871,0.0,0,571.0163560251874,326059.67884828354,6,552.8139534883722,475267.0363731698,0,904,2.0,4544346.620320993,1.2739286260255125,0.4246428753418375,0,456,28,65535,0,14,0,BENIGN,0,21372,0,206.02001663126632,32740702.0,14,22/06/2017 11:23:14,28,0,0.0,763.2857142857143,1,52651,203.205.158.63,418.0,0,3.0,10.42.0.42,1212618.5925925928,21372.0,1448.0,0.0,595.0301490738754,80,164,0,29147076.0,0,804119.0243902439,5597515.175547583,32,0.0,0,0.0,171.35714285714286
0.0,0.0,17,49797.0,0.0,0.0,0.0,0.0,87.0,43.0,0,0.0,49797,43.0,0.0,0,43,0,20,88.0,43.0,10.42.0.1-10.42.0.42-53-8374-17,0,20.081531015924657,0.0,88.0,0,43.0,2630.6805630861295,0.0,0,25.98076211353316,675.0,0,58.0,0.0,0,20,1.0,0.0,40.16306203184931,20.081531015924657,0,20,1,-1,0,1,0,BENIGN,0,88,0,0.0,0.0,1,22/06/2017 11:22:30,1,0,0.0,88.0,0,8374,10.42.0.1,43.0,0,49797.0,10.42.0.42,0.0,88.0,88.0,0.0,0.0,53,-1,0,0.0,0,49797.0,0.0,20,0.0,0,88.0,43.0
39269515.0,39269515.0,6,39269515.0,39269515.0,0.0,0.0,0.0,0.0,0.0,0,0.0,39269515,0.0,0.0,0,0,0,40,0.0,0.0,10.42.0.42-121.12.98.63-37063-80-6,0,0.0,39269515.0,0.0,0,0.0,0.0,0.0,0,0.0,0.0,0,0.0,0.0,1,0,0.0,0.0,0.0509300917009033,0.0509300917009033,0,40,0,1415,0,2,0,BENIGN,0,0,0,0.0,0.0,2,22/06/2017 11:21:49,0,0,0.0,0.0,0,37063,121.12.98.63,0.0,0,39269515.0,10.42.0.42,0.0,0.0,0.0,0.0,0.0,80,-1,0,0.0,0,39269515.0,0.0,20,0.0,0,0.0,0.0
2983158.0,5.0,17,2983158.0,228088.64285714284,0.0,0.0,0.0,553.56,27.0,0,12.0,3193241,706.2666666666667,0.0,0,10594,0,480,1350.0,10594.0,216.58.219.227-10.42.0.42-443-54867-17,0,3.131614557122372,3193241.0,189.5,0,38.0,3911.07342039013,0.0,0,612.6991795452191,375400.28461538465,14,532.2692307692306,793551.2750600795,0,328,0.0,607207.76004919,7.8290363928059294,4.697421835683558,0,480,10,-1,0,15,0,BENIGN,0,1895,0,629.7099634714685,3124084.0,15,22/06/2017 11:19:54,10,0,0.0,189.5,0,54867,216.58.219.227,1350.0,0,5.0,10.42.0.42,347120.44444444444,1895.0,1350.0,0.0,413.0919321948136,443,-1,0,3048735.0,0,133051.70833333337,1013147.7216656404,32,0.0,0,27.0,706.2666666666667
0.0,0.0,6,180616.0,0.0,0.0,0.0,0.0,0.0,0.0,0,0.0,180616,0.0,0.0,0,0,0,32,0.0,0.0,172.217.10.131-10.42.0.42-443-51124-6,0,5.536608052442752,0.0,0.0,0,0.0,0.0,0.0,1,0.0,0.0,0,0.0,0.0,1,32,1.0,0.0,11.073216104885503,5.536608052442752,0,32,1,362,0,1,0,BENIGN,0,0,0,0.0,0.0,1,22/06/2017 11:21:21,1,0,0.0,0.0,0,443,10.42.0.42,0.0,0,180616.0,172.217.10.131,0.0,0.0,0.0,0.0,0.0,51124,1637,0,0.0,0,180616.0,0.0,32,0.0,0,0.0,0.0
0.0,0.0,6,27.0,0.0,0.0,0.0,0.0,31.0,0.0,1,0.0,27,31.0,0.0,0,31,1,32,31.0,31.0,10.42.0.42-108.174.10.10-60621-443-6,0,37037.03703703704,0.0,0.0,0,31.0,1148148.148148148,0.0,0,17.8978583448784,320.33333333333337,0,20.666666666666664,0.0,1,32,1.0,0.0,74074.07407407407,37037.03703703704,0,32,1,16,0,1,0,BENIGN,0,0,0,0.0,0.0,1,22/06/2017 11:22:29,1,0,0.0,0.0,0,60621,108.174.10.10,31.0,0,27.0,10.42.0.42,0.0,0.0,0.0,0.0,0.0,443,16,0,0.0,0,27.0,0.0,32,0.0,0,0.0,31.0
0.0,0.0,6,10848.0,0.0,0.0,0.0,0.0,0.0,0.0,0,0.0,10848,0.0,0.0,0,0,0,32,0.0,0.0,10.42.0.42-31.13.71.1-59801-443-6,0,92.18289085545725,0.0,0.0,0,0.0,0.0,0.0,0,0.0,0.0,0,0.0,0.0,1,32,1.0,0.0,184.3657817109145,92.18289085545725,0,32,1,1386,0,1,0,BENIGN,0,0,0,0.0,0.0,1,22/06/2017 11:21:56,1,0,0.0,0.0,0,59801,31.13.71.1,0.0,0,10848.0,10.42.0.42,0.0,0.0,0.0,0.0,0.0,443,114,0,0.0,0,10848.0,0.0,32,0.0,0,0.0,0.0
0.0,0.0,17,156070.0,0.0,0.0,0.0,0.0,65.0,38.0,0,0.0,156070,38.0,0.0,0,38,0,32,54.0,38.0,10.42.0.151-10.42.0.1-14356-53-17,0,6.407381303261357,0.0,54.0,0,38.0,589.4790799000449,0.0,0,9.237604307034012,85.33333333333333,0,43.333333333333336,0.0,0,32,1.0,0.0,12.814762606522716,6.407381303261357,0,32,1,-1,0,1,0,RANSOMWARE_SIMPLOCKER,0,54,0,0.0,0.0,1,28/08/2017 11:14:14,1,0,0.0,54.0,0,14356,10.42.0.1,38.0,0,156070.0,10.42.0.151,0.0,54.0,54.0,0.0,0.0,53,-1,0,0.0,0,156070.0,0.0,32,0.0,0,54.0,38.0
272506.0,49.0,6,4991458.0,107368.8,0.0,0.0,0.0,575.2,0.0,0,4.0,5528302,65.66666666666666,0.0,0,394,0,140,1460.0,394.0,10.42.0.42-36.110.213.49-49695-80-6,0,1.6279863147852631,536844.0,914.8888888888888,0,0.0,1560.6962137741389,0.0,0,684.7356180794648,468862.8666666666,1,539.25,145299.87673669925,0,192,1.0,1326169.743509099,2.713310524642105,1.085324209856842,0,140,9,65535,0,6,0,BENIGN,0,8234,0,160.84982644276204,5270503.0,6,22/06/2017 11:21:34,9,0,0.0,914.8888888888888,1,49695,36.110.213.49,394.0,0,4.0,10.42.0.42,658812.875,8234.0,1460.0,0.0,706.8557923021577,80,123,0,4999487.0,0,394878.7142857143,1756434.2840233722,20,0.0,0,0.0,65.66666666666667
7364893.0,7364893.0,6,7364893.0,7364893.0,0.0,0.0,0.0,0.0,0.0,0,0.0,7364893,0.0,0.0,0,0,0,64,0.0,0.0,192.229.163.180-10.42.0.42-443-47264-6,0,0.0,7364893.0,0.0,0,0.0,0.0,0.0,1,0.0,0.0,0,0.0,0.0,1,0,0.0,0.0,0.2715585956238603,0.2715585956238603,0,64,0,2908,0,2,0,BENIGN,0,0,0,0.0,0.0,2,22/06/2017 11:24:10,0,0,0.0,0.0,0,47264,192.229.163.180,0.0,0,7364893.0,10.42.0.42,0.0,0.0,0.0,0.0,0.0,443,-1,0,0.0,0,7364893.0,0.0,32,0.0,0,0.0,0.0
74486.0,87.0,6,37444.0,33184.5,0.0,0.0,0.0,391.2,0.0,0,8.0,132738,340.2,0.0,0,1701,0,160,1368.0,1701.0,172.217.6.228-10.42.0.42-443-51291-6,0,37.66818846148051,132738.0,168.6,0,0.0,19165.57428920129,0.0,0,530.997603144736,281958.45454545453,2,355.6363636363637,38798.30477825889,1,160,1.0,17629.424685734924,75.33637692296102,37.66818846148051,0,160,5,1548,0,5,0,BENIGN,0,843,0,588.0690435654643,92938.0,5,22/06/2017 11:22:38,5,0,0.0,168.6,0,51291,172.217.6.228,1368.0,0,8.0,10.42.0.42,23234.5,843.0,585.0,0.0,242.53824440693884,443,409,0,57660.0,0,14748.666666666666,28318.183810642473,32,0.0,0,0.0,340.2
242388.0,7.0,6,29225171.0,91595.05263157896,0.0,0.0,0.0,778.5285714285715,0.0,0,3.0,30965477,118.4,0.0,0,2368,0,648,1448.0,2368.0,203.205.158.63-10.42.0.42-80-52652-6,0,1.6147014302411682,1740306.0,1042.58,0,0.0,1759.927676877059,0.0,0,643.1086940433356,413588.79235412466,6,767.56338028169,111118.484688629,0,1608,2.0,3515876.31258372,2.2605820023376357,0.6458805720964673,0,648,50,65535,0,20,0,BENIGN,0,52129,0,186.0261441727734,30739344.0,20,22/06/2017 11:23:14,50,0,0.0,1042.58,1,52652,203.205.158.63,419.0,0,3.0,10.42.0.42,627333.551020408,52129.0,1448.0,0.0,562.3308667265824,80,164,0,29227666.0,0,448775.02898550726,4171707.745058077,32,0.0,0,0.0,118.4
66289141.0,6.0,6,66289141.0,2964865.7083333335,66289141.0,4541153.0,66289141.0,467.35087719298247,0.0,0,2.0,71156777,95.96,66289141.0,0,2399,0,520,1440.0,2399.0,10.42.0.42-125.39.133.40-41186-80-6,0,0.4497112060036108,71156777.0,757.5,0,0.0,374.3705255228184,0.0,0,598.0264621446842,357635.6494252874,5,459.293103448276,13491822.599244598,0,652,1.0,8849271.96595034,0.8010480856939318,0.3513368796903209,0,520,32,65535,0,25,0,BENIGN,0,24240,0,198.097509659595,70835236.0,25,22/06/2017 11:23:13,32,0,0.0,757.5000000000001,1,41186,125.39.133.40,562.0,0,2.0,10.42.0.42,2285007.6129032257,24240.0,1440.0,4541153.0,649.7272380552995,80,155,0,66610138.0,0,1270656.732142857,11943963.45642083,20,4541153.0,0,0.0,95.96
25908306.0,37282.0,6,25908306.0,12972794.0,0.0,0.0,0.0,0.0,0.0,0,0.0,25945588,0.0,0.0,0,0,0,96,0.0,0.0,10.42.0.42-52.84.40.81-36205-80-6,0,0.0,25945588.0,0.0,0,0.0,0.0,0.0,1,0.0,0.0,0,0.0,18293576.50663992,1,0,0.0,18293576.50663992,0.1156265951652358,0.1156265951652358,0,96,0,118,0,3,0,BENIGN,0,0,0,0.0,0.0,3,22/06/2017 11:23:37,0,0,0.0,0.0,0,36205,52.84.40.81,0.0,0,37282.0,10.42.0.42,0.0,0.0,0.0,0.0,0.0,80,-1,0,0.0,0,12972794.0,0.0,32,0.0,0,0.0,0.0
0.0,0.0,17,1237544.0,0.0,0.0,0.0,0.0,160.5,30.0,0,0.0,1237544,30.0,0.0,0,30,0,20,261.0,30.0,10.42.0.1-10.42.0.42-53-39231-17,0,0.8080520773402804,0.0,261.0,0,30.0,235.1431545060216,0.0,0,133.36791218280356,17787.0,0,107.0,0.0,0,32,1.0,0.0,1.6161041546805608,0.8080520773402804,0,20,1,-1,0,1,0,BENIGN,0,261,0,0.0,0.0,1,22/06/2017 11:23:14,1,0,0.0,261.0,0,39231,10.42.0.1,30.0,0,1237544.0,10.42.0.42,0.0,261.0,261.0,0.0,0.0,53,-1,0,0.0,0,1237544.0,0.0,20,0.0,0,261.0,30.0
999331.0,267298.0,6,4252011.0,551994.0,0.0,0.0,0.0,0.0,0.0,0,401467.0,5907993,0.0,0.0,0,0,0,132,0.0,0.0,183.56.172.140-10.42.0.42-80-49757-6,0,0.507786654452705,1655982.0,0.0,0,0.0,0.0,0.0,0,0.0,0.0,0,0.0,392182.5460585925,0,84,0.0,1641652.348454538,1.1848355270563116,0.6770488726036067,0,132,3,65535,0,4,0,BENIGN,0,0,0,0.0,4655557.0,4,22/06/2017 11:21:37,3,0,0.0,0.0,1,49757,183.56.172.140,0.0,0,2079.0,10.42.0.42,2327778.5,0.0,0.0,0.0,0.0,80,183,0,4254090.0,0,984665.5,2724215.84865526,20,0.0,0,0.0,0.0
0.0,0.0,17,403580.0,0.0,0.0,0.0,0.0,110.5,33.0,0,0.0,403580,33.0,0.0,0,33,0,20,155.0,33.0,10.42.0.1-10.42.0.42-53-43804-17,0,2.477823479855295,0.0,155.0,0,33.0,465.8308142127955,0.0,0,70.43673284113434,4961.333333333333,0,73.66666666666666,0.0,0,32,1.0,0.0,4.95564695971059,2.477823479855295,0,20,1,-1,0,1,0,BENIGN,0,155,0,0.0,0.0,1,22/06/2017 11:23:14,1,0,0.0,155.0,0,43804,10.42.0.1,33.0,0,403580.0,10.42.0.42,0.0,155.0,155.0,0.0,0.0,53,-1,0,0.0,0,403580.0,0.0,20,0.0,0,155.0,33.0
24779992.0,24779992.0,6,24779992.0,24779992.0,0.0,0.0,0.0,0.0,0.0,0,0.0,24779992,0.0,0.0,0,0,0,64,0.0,0.0,203.205.128.137-10.42.0.42-80-42960-6,0,0.0,24779992.0,0.0,0,0.0,0.0,0.0,0,0.0,0.0,0,0.0,0.0,1,0,0.0,0.0,0.0807102762583619,0.0807102762583619,0,64,0,1369,0,2,0,BENIGN,0,0,0,0.0,0.0,2,22/06/2017 11:23:38,0,0,0.0,0.0,0,42960,203.205.128.137,0.0,0,24779992.0,10.42.0.42,0.0,0.0,0.0,0.0,0.0,80,-1,0,0.0,0,24779992.0,0.0,32,0.0,0,0.0,0.0
0.0,0.0,6,197141.0,0.0,0.0,0.0,0.0,0.0,0.0,0,0.0,197141,0.0,0.0,0,0,0,32,0.0,0.0,172.217.12.194-10.42.0.42-443-53390-6,0,5.072511552645061,0.0,0.0,0,0.0,0.0,0.0,1,0.0,0.0,0,0.0,0.0,1,32,1.0,0.0,10.145023105290122,5.072511552645061,0,32,1,349,0,1,0,BENIGN,0,0,0,0.0,0.0,1,22/06/2017 11:21:59,1,0,0.0,0.0,0,443,10.42.0.42,0.0,0,197141.0,172.217.12.194,0.0,0.0,0.0,0.0,0.0,53390,1549,0,0.0,0,197141.0,0.0,32,0.0,0,0.0,0.0
31763008.0,31763008.0,6,31763008.0,31763008.0,0.0,0.0,0.0,0.0,0.0,0,0.0,31763008,0.0,0.0,0,0,0,40,0.0,0.0,10.42.0.42-112.80.248.187-60530-80-6,0,0.0,31763008.0,0.0,0,0.0,0.0,0.0,1,0.0,0.0,0,0.0,0.0,1,0,0.0,0.0,0.0629663286298325,0.0629663286298325,0,40,0,1369,0,2,0,BENIGN,0,0,0,0.0,0.0,2,22/06/2017 11:24:33,0,0,0.0,0.0,0,60530,112.80.248.187,0.0,0,31763008.0,10.42.0.42,0.0,0.0,0.0,0.0,0.0,80,-1,0,0.0,0,31763008.0,0.0,20,0.0,0,0.0,0.0
0.0,0.0,6,64627.0,0.0,0.0,0.0,0.0,0.0,0.0,0,1597.0,66224,0.0,0.0,0,0,0,32,0.0,0.0,172.217.3.99-10.42.0.42-443-41688-6,0,30.200531529354915,0.0,0.0,0,0.0,0.0,0.0,1,0.0,0.0,0,0.0,0.0,1,76,2.0,44568.94041818809,45.30079729403237,15.100265764677458,0,32,2,360,0,1,0,BENIGN,0,0,0,0.0,1597.0,1,22/06/2017 11:21:17,2,0,0.0,0.0,0,443,10.42.0.42,0.0,0,1597.0,172.217.3.99,1597.0,0.0,0.0,0.0,0.0,41688,1594,0,1597.0,0,33112.0,0.0,32,0.0,0,0.0,0.0
0.0,0.0,17,31976.0,0.0,0.0,0.0,0.0,74.5,34.0,0,0.0,31976,34.0,0.0,0,34,0,40,81.0,34.0,10.42.0.1-10.42.0.42-53-64849-17,0,31.273455091318493,0.0,81.0,0,34.0,3596.447335501626,0.0,0,27.13546265191241,736.3333333333333,0,49.666666666666664,0.0,0,20,1.0,0.0,62.546910182636985,31.273455091318493,0,40,1,-1,0,1,0,BENIGN,0,81,0,0.0,0.0,1,22/06/2017 11:21:37,1,0,0.0,81.0,0,64849,10.42.0.1,34.0,0,31976.0,10.42.0.42,0.0,81.0,81.0,0.0,0.0,53,-1,0,0.0,0,31976.0,0.0,40,0.0,0,81.0,34.0
0.0,0.0,6,458087.0,0.0,0.0,0.0,0.0,0.0,0.0,0,0.0,458087,0.0,0.0,0,0,0,20,0.0,0.0,183.56.172.140-10.42.0.42-80-49753-6,0,2.1829914404905617,0.0,0.0,0,0.0,0.0,0.0,0,0.0,0.0,0,0.0,0.0,1,20,1.0,0.0,4.365982880981123,2.1829914404905617,0,20,1,1477,0,1,0,BENIGN,0,0,0,0.0,0.0,1,22/06/2017 11:21:47,1,0,0.0,0.0,0,49753,183.56.172.140,0.0,0,458087.0,10.42.0.42,0.0,0.0,0.0,0.0,0.0,80,206,0,0.0,0,458087.0,0.0,20,0.0,0,0.0,0.0
0.0,0.0,6,231069.0,0.0,0.0,0.0,0.0,0.0,0.0,0,0.0,231069,0.0,0.0,0,0,0,32,0.0,0.0,10.42.0.42-52.84.40.192-38050-80-6,0,4.327711635918275,0.0,0.0,0,0.0,0.0,0.0,1,0.0,0.0,0,0.0,0.0,1,32,1.0,0.0,8.65542327183655,4.327711635918275,0,32,1,118,0,1,0,BENIGN,0,0,0,0.0,0.0,1,22/06/2017 11:23:36,1,0,0.0,0.0,0,38050,52.84.40.192,0.0,0,231069.0,10.42.0.42,0.0,0.0,0.0,0.0,0.0,80,118,0,0.0,0,231069.0,0.0,32,0.0,0,0.0,0.0
0.0,0.0,6,5622.0,0.0,0.0,0.0,0.0,0.0,0.0,0,0.0,5622,0.0,0.0,0,0,0,20,0.0,0.0,10.42.0.42-121.12.98.63-37111-80-6,0,177.87264318747776,0.0,0.0,0,0.0,0.0,0.0,1,0.0,0.0,0,0.0,0.0,1,20,1.0,0.0,355.7452863749555,177.87264318747776,0,20,1,502,0,1,0,BENIGN,0,0,0,0.0,0.0,1,22/06/2017 11:22:28,1,0,0.0,0.0,0,80,10.42.0.42,0.0,0,5622.0,121.12.98.63,0.0,0.0,0.0,0.0,0.0,37111,1369,0,0.0,0,5622.0,0.0,20,0.0,0,0.0,0.0
142284.0,142284.0,6,142284.0,142284.0,0.0,0.0,0.0,0.0,0.0,0,0.0,142284,0.0,0.0,0,0,0,64,0.0,0.0,10.42.0.42-108.174.10.10-45599-80-6,0,0.0,142284.0,0.0,0,0.0,0.0,0.0,0,0.0,0.0,0,0.0,0.0,1,0,0.0,0.0,14.05639425374603,14.05639425374603,0,64,0,1386,0,2,0,BENIGN,0,0,0,0.0,0.0,2,22/06/2017 11:19:51,0,0,0.0,0.0,0,45599,108.174.10.10,0.0,0,142284.0,10.42.0.42,0.0,0.0,0.0,0.0,0.0,80,-1,0,0.0,0,142284.0,0.0,32,0.0,0,0.0,0.0
0.0,0.0,17,58316.0,0.0,0.0,0.0,0.0,93.0,42.0,0,0.0,58316,42.0,0.0,0,42,0,32,102.0,42.0,10.42.0.1-10.42.0.42-53-1390-17,0,17.147952534467386,0.0,102.0,0,42.0,2469.3051649633035,0.0,0,34.64101615137755,1200.0,0,62.0,0.0,0,32,1.0,0.0,34.29590506893477,17.147952534467386,0,32,1,-1,0,1,0,BENIGN,0,102,0,0.0,0.0,1,22/06/2017 11:19:54,1,0,0.0,102.0,0,1390,10.42.0.1,42.0,0,58316.0,10.42.0.42,0.0,102.0,102.0,0.0,0.0,53,-1,0,0.0,0,58316.0,0.0,32,0.0,0,102.0,42.0
21581482.0,228397.0,6,21434699.0,10904939.5,21434699.0,228397.0,15202709.0,0.0,0.0,0,15349492.0,37012588,0.0,18318704.0,0,0,0,116,0.0,0.0,203.205.147.229-10.42.0.42-80-52318-6,0,0.081053505364175,21809879.0,0.0,0,0.0,0.0,4406682.389286752,0,0.0,0.0,0,0.0,15098911.20275275,0,112,1.0,10206065.236025674,0.16210701072835,0.081053505364175,0,116,3,65535,0,3,0,BENIGN,0,0,0,0.0,36786375.0,3,22/06/2017 11:23:20,3,0,57709.81283975889,0.0,1,52318,203.205.147.229,0.0,0,2184.0,10.42.0.42,18393187.5,0.0,0.0,146783.0,0.0,80,46,0,21436883.0,0,7402517.6,4304435.455833958,32,187590.0,0,0.0,0.0
22299686.0,22299686.0,6,22299686.0,22299686.0,0.0,0.0,0.0,0.0,0.0,0,0.0,22299686,0.0,0.0,0,0,0,40,0.0,0.0,220.243.235.201-10.42.0.42-80-59095-6,0,0.0,22299686.0,0.0,0,0.0,0.0,0.0,0,0.0,0.0,0,0.0,0.0,1,0,0.0,0.0,0.0896873615171083,0.0896873615171083,0,40,0,1506,0,2,0,BENIGN,0,0,0,0.0,0.0,2,22/06/2017 11:22:06,0,0,0.0,0.0,0,59095,220.243.235.201,0.0,0,22299686.0,10.42.0.42,0.0,0.0,0.0,0.0,0.0,80,-1,0,0.0,0,22299686.0,0.0,20,0.0,0,0.0,0.0
368361.0,6.0,6,9587424.0,133838.76923076925,0.0,0.0,0.0,224.24242424242425,0.0,0,6.0,11484494,79.71428571428571,0.0,0,1116,0,336,1460.0,1116.0,183.56.172.140-10.42.0.42-80-49760-6,0,1.6544046259243117,1739904.0,330.7368421052632,0,0.0,644.3470648336793,0.0,0,432.0171771523949,186638.84135472373,3,217.6470588235294,136354.4925315101,0,392,1.0,1686999.507987173,2.8734396134474887,1.219034987523177,0,336,19,65535,0,14,0,BENIGN,0,6284,0,158.40329666899106,11240146.0,14,22/06/2017 11:21:37,19,0,0.0,330.7368421052632,1,49760,183.56.172.140,372.0,0,6.0,10.42.0.42,624452.5555555556,6284.0,1460.0,0.0,541.4059723540043,80,229,0,9587424.0,0,358890.4375,2240390.837245045,20,0.0,0,0.0,79.71428571428571
0.0,0.0,6,260197.0,0.0,0.0,0.0,0.0,0.0,0.0,0,0.0,260197,0.0,0.0,0,0,0,20,0.0,0.0,10.42.0.42-125.88.193.226-58877-80-6,0,3.843241851366464,0.0,0.0,0,0.0,0.0,0.0,1,0.0,0.0,0,0.0,0.0,1,20,1.0,0.0,7.686483702732929,3.843241851366464,0,20,1,1386,0,1,0,BENIGN,0,0,0,0.0,0.0,1,22/06/2017 11:22:41,1,0,0.0,0.0,0,58877,125.88.193.226,0.0,0,260197.0,10.42.0.42,0.0,0.0,0.0,0.0,0.0,80,31,0,0.0,0,260197.0,0.0,20,0.0,0,0.0,0.0
0.0,0.0,17,99223.0,0.0,0.0,0.0,0.0,54.5,31.0,0,0.0,99223,31.0,0.0,0,31,0,40,47.0,31.0,10.42.0.1-10.42.0.42-53-25222-17,0,10.078308456708626,0.0,47.0,0,31.0,786.1080596232728,0.0,0,9.237604307034012,85.33333333333333,0,36.333333333333336,0.0,0,20,1.0,0.0,20.156616913417253,10.078308456708626,0,40,1,-1,0,1,0,BENIGN,0,47,0,0.0,0.0,1,22/06/2017 11:21:37,1,0,0.0,47.0,0,25222,10.42.0.1,31.0,0,99223.0,10.42.0.42,0.0,47.0,47.0,0.0,0.0,53,-1,0,0.0,0,99223.0,0.0,40,0.0,0,47.0,31.0
23738447.0,23738447.0,6,23738447.0,23738447.0,0.0,0.0,0.0,0.0,0.0,0,0.0,23738447,0.0,0.0,0,0,0,64,0.0,0.0,10.42.0.42-14.17.42.57-36218-80-6,0,0.0,23738447.0,0.0,0,0.0,0.0,0.0,0,0.0,0.0,0,0.0,0.0,1,0,0.0,0.0,0.084251509797587,0.084251509797587,0,64,0,1386,0,2,0,BENIGN,0,0,0,0.0,0.0,2,22/06/2017 11:23:39,0,0,0.0,0.0,0,36218,14.17.42.57,0.0,0,23738447.0,10.42.0.42,0.0,0.0,0.0,0.0,0.0,80,-1,0,0.0,0,23738447.0,0.0,32,0.0,0,0.0,0.0
25399793.0,162046.0,6,25399793.0,12780919.5,0.0,0.0,0.0,0.0,0.0,0,0.0,25561839,0.0,0.0,0,0,0,96,0.0,0.0,10.42.0.42-54.192.36.129-46374-80-6,0,0.0,25561839.0,0.0,0,0.0,0.0,0.0,1,0.0,0.0,0,0.0,17845782.045570448,1,0,0.0,17845782.045570448,0.117362447983496,0.117362447983496,0,96,0,118,0,3,0,BENIGN,0,0,0,0.0,0.0,3,22/06/2017 11:23:37,0,0,0.0,0.0,0,46374,54.192.36.129,0.0,0,162046.0,10.42.0.42,0.0,0.0,0.0,0.0,0.0,80,-1,0,0.0,0,12780919.5,0.0,32,0.0,0,0.0,0.0
2979661.0,6.0,17,2979661.0,172962.68421052632,0.0,0.0,0.0,709.9333333333333,30.0,0,22.0,3286291,901.55,0.0,0,18031,0,544,1350.0,18031.0,172.217.6.195-10.42.0.42-443-36012-17,0,3.042944158018873,3286291.0,191.7,0,38.0,6070.065006416048,0.0,0,644.3642595029082,415205.2989247312,19,687.0322580645162,680948.0044813384,0,284,0.0,551688.5191300311,9.12883247405662,6.085888316037746,0,544,10,-1,0,20,0,BENIGN,0,1917,0,611.8280180608032,3205572.0,20,22/06/2017 11:23:15,10,0,0.0,191.69999999999996,0,36012,172.217.6.195,1350.0,0,6.0,10.42.0.42,356174.6666666667,1917.0,1350.0,0.0,412.36419986867594,443,-1,0,3049084.0,0,113320.37931034486,1010321.321279275,20,0.0,0,30.0,901.55
127471.0,127471.0,6,127471.0,127471.0,0.0,0.0,0.0,0.0,0.0,0,0.0,127471,0.0,0.0,0,0,0,40,0.0,0.0,10.42.0.42-125.39.133.40-41186-80-6,0,0.0,127471.0,0.0,0,0.0,0.0,0.0,1,0.0,0.0,0,0.0,0.0,1,0,0.0,0.0,15.689843180017416,15.689843180017416,0,40,0,155,0,2,0,BENIGN,0,0,0,0.0,0.0,2,22/06/2017 11:25:39,0,0,0.0,0.0,0,41186,125.39.133.40,0.0,0,127471.0,10.42.0.42,0.0,0.0,0.0,0.0,0.0,80,-1,0,0.0,0,127471.0,0.0,20,0.0,0,0.0,0.0
47.0,47.0,6,47.0,47.0,0.0,0.0,0.0,0.0,0.0,0,0.0,47,0.0,0.0,0,0,0,40,0.0,0.0,10.42.0.42-31.13.71.3-33644-443-6,0,0.0,47.0,0.0,0,0.0,0.0,0.0,0,0.0,0.0,0,0.0,0.0,0,0,0.0,0.0,42553.19148936171,42553.19148936171,0,40,0,0,0,2,0,BENIGN,0,0,0,0.0,0.0,2,22/06/2017 11:20:44,0,0,0.0,0.0,0,33644,31.13.71.3,0.0,1,47.0,10.42.0.42,0.0,0.0,0.0,0.0,0.0,443,-1,0,0.0,0,47.0,0.0,20,0.0,0,0.0,0.0
29485829.0,29485829.0,6,29485829.0,29485829.0,0.0,0.0,0.0,0.0,0.0,0,0.0,29485829,0.0,0.0,0,0,0,64,0.0,0.0,192.229.163.180-10.42.0.42-443-47264-6,0,0.0,29485829.0,0.0,0,0.0,0.0,0.0,1,0.0,0.0,0,0.0,0.0,1,0,0.0,0.0,0.0678291934746009,0.0678291934746009,0,64,0,2908,0,2,0,BENIGN,0,0,0,0.0,0.0,2,22/06/2017 11:24:32,0,0,0.0,0.0,0,47264,192.229.163.180,0.0,0,29485829.0,10.42.0.42,0.0,0.0,0.0,0.0,0.0,443,-1,0,0.0,0,29485829.0,0.0,32,0.0,0,0.0,0.0
48697596.0,288329.0,6,48697596.0,12996193.75,0.0,0.0,0.0,0.0,0.0,0,0.0,51984775,0.0,0.0,0,0,0,160,0.0,0.0,10.42.0.42-121.12.98.63-37066-80-6,0,0.0192364014271486,51984775.0,0.0,0,0.0,0.0,0.0,0,0.0,0.0,0,0.0,23811341.593507905,0,32,0.0,21424532.811786015,0.1154184085628917,0.0961820071357431,0,160,1,65535,0,5,0,BENIGN,0,0,0,0.0,0.0,5,22/06/2017 11:21:36,1,0,0.0,0.0,1,37066,121.12.98.63,0.0,0,36497.0,10.42.0.42,0.0,0.0,0.0,0.0,0.0,80,64240,0,0.0,0,10396955.0,0.0,20,0.0,0,0.0,0.0
42945258.0,32104.0,6,42945258.0,21488681.0,0.0,0.0,0.0,0.0,0.0,0,0.0,42977362,0.0,0.0,0,0,0,104,0.0,0.0,10.42.0.42-108.174.10.10-45600-80-6,0,0.0232680637773905,42977362.0,0.0,0,0.0,0.0,0.0,0,0.0,0.0,0,0.0,30344182.195502616,0,40,0.0,24785191.96867699,0.0930722551095621,0.0698041913321715,0,104,1,65535,0,3,0,BENIGN,0,0,0,0.0,0.0,3,22/06/2017 11:19:51,1,0,0.0,0.0,1,45600,108.174.10.10,0.0,0,3207.0,10.42.0.42,0.0,0.0,0.0,0.0,0.0,80,65160,0,0.0,0,14325787.333333334,0.0,32,0.0,0,0.0,0.0
36963.0,2.0,6,30115.0,6614.055555555555,0.0,0.0,0.0,762.8936170212766,0.0,0,1.0,119053,19.57894736842106,0.0,0,372,0,616,1448.0,372.0,10.42.0.42-52.84.40.81-36205-80-6,0,235.18936944050128,119053.0,1267.2857142857142,0,0.0,301176.7868092362,0.0,0,715.1264134641109,511405.78723404254,1,747.0,11692.447132140836,0,904,1.0,6554.288513733282,394.7821558465557,159.59278640605444,0,616,28,65535,0,19,0,BENIGN,0,35484,0,85.34265299984897,80435.0,19,22/06/2017 11:21:37,28,0,0.0,1267.2857142857144,1,36205,52.84.40.81,372.0,0,1.0,10.42.0.42,2979.074074074074,35484.0,1448.0,0.0,460.0222906952531,80,118,0,43606.0,0,2588.108695652173,8873.761976168089,32,0.0,0,0.0,19.57894736842105
61.0,61.0,6,61.0,61.0,0.0,0.0,0.0,0.0,0.0,0,0.0,61,0.0,0.0,0,0,0,76,0.0,0.0,172.217.6.228-10.42.0.42-443-53595-6,0,0.0,61.0,0.0,0,0.0,0.0,0.0,0,0.0,0.0,0,0.0,0.0,1,0,0.0,0.0,32786.88524590164,32786.88524590164,0,76,0,1419,0,2,0,BENIGN,0,0,0,0.0,0.0,2,22/06/2017 11:24:28,0,0,0.0,0.0,0,53595,172.217.6.228,0.0,0,61.0,10.42.0.42,0.0,0.0,0.0,0.0,0.0,443,-1,0,0.0,0,61.0,0.0,32,0.0,0,0.0,0.0
0.0,0.0,17,503643.0,0.0,0.0,0.0,0.0,96.5,30.0,0,0.0,503643,30.0,0.0,0,30,0,32,133.0,30.0,10.42.0.1-10.42.0.42-53-31039-17,0,1.985533403621216,0.0,133.0,0,30.0,323.6419447902582,0.0,0,59.46707772653146,3536.3333333333335,0,64.33333333333334,0.0,0,32,1.0,0.0,3.971066807242432,1.985533403621216,0,32,1,-1,0,1,0,BENIGN,0,133,0,0.0,0.0,1,22/06/2017 11:23:20,1,0,0.0,133.0,0,31039,10.42.0.1,30.0,0,503643.0,10.42.0.42,0.0,133.0,133.0,0.0,0.0,53,-1,0,0.0,0,503643.0,0.0,32,0.0,0,133.0,30.0
22299686.0,22299686.0,6,22299686.0,22299686.0,0.0,0.0,0.0,0.0,0.0,0,0.0,22299686,0.0,0.0,0,0,0,40,0.0,0.0,220.243.235.201-10.42.0.42-80-59095-6,0,0.0,22299686.0,0.0,0,0.0,0.0,0.0,0,0.0,0.0,0,0.0,0.0,1,0,0.0,0.0,0.0896873615171083,0.0896873615171083,0,40,0,1506,0,2,0,BENIGN,0,0,0,0.0,0.0,2,22/06/2017 11:22:06,0,0,0.0,0.0,0,59095,220.243.235.201,0.0,0,22299686.0,10.42.0.42,0.0,0.0,0.0,0.0,0.0,80,-1,0,0.0,0,22299686.0,0.0,20,0.0,0,0.0,0.0
0.0,0.0,17,1548.0,0.0,0.0,0.0,0.0,183.0,36.0,0,0.0,1548,36.0,0.0,0,36,0,32,294.0,36.0,10.42.0.1-10.42.0.42-53-3802-17,0,645.9948320413437,0.0,294.0,0,36.0,213178.29457364345,0.0,0,148.95636945092346,22188.0,0,122.0,0.0,0,32,1.0,0.0,1291.989664082687,645.9948320413437,0,32,1,-1,0,1,0,BENIGN,0,294,0,0.0,0.0,1,22/06/2017 11:20:08,1,0,0.0,294.0,0,3802,10.42.0.1,36.0,0,1548.0,10.42.0.42,0.0,294.0,294.0,0.0,0.0,53,-1,0,0.0,0,1548.0,0.0,32,0.0,0,294.0,36.0
0.0,0.0,6,37649.0,0.0,0.0,0.0,0.0,0.0,0.0,0,0.0,37649,0.0,0.0,0,0,0,32,0.0,0.0,172.217.10.142-10.42.0.42-80-41986-6,0,26.561130441711597,0.0,0.0,0,0.0,0.0,0.0,1,0.0,0.0,0,0.0,0.0,1,32,1.0,0.0,53.122260883423195,26.561130441711597,0,32,1,340,0,1,0,BENIGN,0,0,0,0.0,0.0,1,22/06/2017 11:21:43,1,0,0.0,0.0,0,80,10.42.0.42,0.0,0,37649.0,172.217.10.142,0.0,0.0,0.0,0.0,0.0,41986,1369,0,0.0,0,37649.0,0.0,32,0.0,0,0.0,0.0
