Bwd Avg Bulk Rate,Down/Up Ratio,Max Packet Length,Flow Duration,Packet Length Mean,Bwd Avg Bytes/Bulk,Fwd Packet Length Min,Init_Win_bytes_backward,Fwd Packet Length Std,Fwd IAT Total,Packet Length Variance,ECE Flag Count,Flow IAT Min,Total Fwd Packets,Destination IP,Active Min,Bwd IAT Std,Fwd Header Length,Fwd PSH Flags,Fwd URG Flags,Fwd Packets/s,Subflow Bwd Bytes,Bwd IAT Total,URG Flag Count,Bwd IAT Max,Bwd IAT Mean,Bwd Packets/s,RST Flag Count,Bwd PSH Flags,Total Backward Packets,Flow IAT Std,Min Packet Length,SYN Flag Count,Flow IAT Mean,Fwd IAT Mean,Fwd IAT Min,Idle Min,Subflow Fwd Packets,Destination Port,Protocol,PSH Flag Count,Init_Win_bytes_forward,Fwd Avg Bytes/Bulk,Flow IAT Max,Average Packet Size,Flow Packets/s,Total Length of Fwd Packets,Fwd Header Length.1,act_data_pkt_fwd,Active Max,Total Length of Bwd Packets,Timestamp,CWE Flag Count,Idle Max,Bwd Packet Length Mean,Fwd IAT Max,FIN Flag Count,Bwd Avg Packets/Bulk,Subflow Bwd Packets,Bwd Packet Length Min,Subflow Fwd Bytes,Source IP,Packet Length Std,Label,Fwd Avg Bulk Rate,Idle Mean,Bwd URG Flags,Bwd Packet Length Max,Bwd Packet Length Std,Active Mean,Source Port,Bwd IAT Min,Avg Fwd Segment Size,Fwd Packet Length Mean,Fwd Packet Length Max,min_seg_size_forward,Flow ID,Flow Bytes/s,ACK Flag Count,Bwd Header Length,Active Std,Idle Std,Fwd IAT Std,Fwd Avg Packets/Bulk,Avg Bwd Segment Size
0,1.0,116.0,406031,56.0,0,26.0,-1,0.0,0.0,2700.0,0,406031.0,1,10.42.0.1,0.0,0.0,32,0,0,2.462866135836919,116,0.0,0,0.0,0.0,2.462866135836919,0,0,1,0.0,26.0,0,406031.0,0.0,0.0,0.0,1,53,17,0,-1,0,406031.0,84.0,4.925732271673838,26.0,32,0,0.0,116.0,22/06/2017 11:23:18,0,0.0,116.0,0.0,0,0,1,116.0,26,10.42.0.42,51.96152422706632,BENIGN,0,0.0,0,116.0,0.0,0.0,29449,0.0,26.0,26.0,26.0,32,10.42.0.1-10.42.0.42-53-29449-17,349.7269912888425,0,20,0.0,0.0,0.0,0,116.0
0,0.0,1350.0,3286291,687.0322580645162,0,38.0,-1,611.8280180608032,3286291.0,415205.2989247312,0,6.0,20,172.217.6.195,0.0,1010321.321279275,544,0,0,6.085888316037746,1917,3205572.0,0,3049084.0,356174.6666666667,3.042944158018873,0,0,10,551688.5191300311,30.0,0,113320.37931034486,172962.68421052632,6.0,0.0,20,443,17,0,-1,0,2979661.0,709.9333333333333,9.12883247405662,18031.0,544,19,0.0,1917.0,22/06/2017 11:23:15,0,0.0,191.69999999999996,2979661.0,0,0,10,30.0,18031,10.42.0.42,644.3642595029082,BENIGN,0,0.0,0,1350.0,412.36419986867594,0.0,36012,22.0,901.55,901.55,1350.0,20,172.217.6.195-10.42.0.42-443-36012-17,6070.065006416048,0,284,0.0,0.0,680948.0044813384,0,191.7
0,1.0,0.0,229171,0.0,0,0.0,292,0.0,0.0,0.0,0,229171.0,1,192.229.163.180,0.0,0.0,32,0,0,4.363553852799874,0,0.0,1,0.0,0.0,4.363553852799874,0,0,1,0.0,0.0,0,229171.0,0.0,0.0,0.0,1,443,6,0,292,0,229171.0,0.0,8.727107705599748,0.0,32,0,0.0,0.0,22/06/2017 11:22:55,0,0.0,0.0,0.0,0,0,1,0.0,0,10.42.0.42,0.0,BENIGN,0,0.0,0,0.0,0.0,0.0,47262,0.0,0.0,0.0,0.0,32,192.229.163.180-10.42.0.42-443-47262-6,0.0,1,32,0.0,0.0,0.0,0,0.0
0,0.0,1418.0,628165,418.3999999999999,0,0.0,390,123.97070337026264,628165.0,259592.11034482755,0,12.0,17,172.217.10.80,0.0,47196.83032230795,552,0,0,27.062953204970032,10680,589022.0,0,133439.0,53547.45454545455,19.1032610858612,0,0,12,19184.208790685196,0.0,0,22434.46428571428,39260.3125,1360.0,0.0,17,443,6,1,65535,0,54060.0,432.82758620689657,46.166214290831235,1872.0,552,8,0.0,10680.0,22/06/2017 11:20:08,0,0.0,890.0,82214.0,0,0,12,0.0,1872,10.42.0.42,509.50182565406726,BENIGN,0,0.0,0,1418.0,506.5649020609304,0.0,51745,12.0,110.11764705882354,110.11764705882352,260.0,32,172.217.10.80-10.42.0.42-443-51745-6,19982.011095810816,0,392,0.0,0.0,23876.982552851325,0,890.0
0,0.0,0.0,22299686,0.0,0,0.0,-1,0.0,22299686.0,0.0,0,22299686.0,2,220.243.235.201,0.0,0.0,40,0,0,0.0896873615171083,0,0.0,0,0.0,0.0,0.0,0,0,0,0.0,0.0,0,22299686.0,22299686.0,22299686.0,0.0,2,80,6,0,1506,0,22299686.0,0.0,0.0896873615171083,0.0,40,0,0.0,0.0,22/06/2017 11:22:06,0,0.0,0.0,22299686.0,0,0,0,0.0,0,10.42.0.42,0.0,BENIGN,0,0.0,0,0.0,0.0,0.0,59095,0.0,0.0,0.0,0.0,20,220.243.235.201-10.42.0.42-80-59095-6,0.0,1,0,0.0,0.0,0.0,0,0.0
0,0.0,0.0,21732688,0.0,0,0.0,112,0.0,1431775.0,0.0,0,188802.0,3,14.17.42.57,0.0,0.0,112,0,0,0.1380409086993748,0,20489715.0,0,20489715.0,20489715.0,0.0920272724662499,0,0,2,9918829.544049742,0.0,0,5433172.0,715887.5,428343.0,0.0,3,80,6,1,65535,0,20300913.0,0.0,0.2300681811656248,0.0,112,0,0.0,0.0,22/06/2017 11:24:24,0,0.0,0.0,1003432.0,0,0,2,0.0,0,10.42.0.42,0.0,BENIGN,0,0.0,0,0.0,0.0,0.0,36246,20489715.0,0.0,0.0,0.0,32,10.42.0.42-14.17.42.57-36246-80-6,0.0,0,72,0.0,0.0,406649.3316857904,0,0.0
0,0.0,0.0,812242,0.0,0,0.0,-1,0.0,812242.0,0.0,0,812242.0,2,34.199.147.230,0.0,0.0,64,0,0,2.462320342951977,0,0.0,0,0.0,0.0,0.0,0,0,0,0.0,0.0,0,812242.0,812242.0,812242.0,0.0,2,443,6,0,1505,0,812242.0,0.0,2.462320342951977,0.0,64,0,0.0,0.0,28/08/2017 11:06:46,0,0.0,0.0,812242.0,0,0,0,0.0,0,10.42.0.151,0.0,RANSOMWARE_SIMPLOCKER,0,0.0,0,0.0,0.0,0.0,60405,0.0,0.0,0.0,0.0,32,10.42.0.151-34.199.147.230-60405-443-6,0.0,1,0,0.0,0.0,0.0,0,0.0
0,1.0,1368.0,132738,355.6363636363637,0,0.0,409,588.0690435654643,132738.0,281958.45454545453,0,8.0,5,172.217.6.228,0.0,28318.183810642473,160,0,0,37.66818846148051,843,92938.0,0,57660.0,23234.5,37.66818846148051,0,0,5,17629.424685734924,0.0,0,14748.666666666666,33184.5,87.0,0.0,5,443,6,0,1548,0,37444.0,391.2,75.33637692296102,1701.0,160,2,0.0,843.0,22/06/2017 11:22:38,0,0.0,168.6,74486.0,0,0,5,0.0,1701,10.42.0.42,530.997603144736,BENIGN,0,0.0,0,585.0,242.53824440693884,0.0,51291,8.0,340.2,340.2,1368.0,32,172.217.6.228-10.42.0.42-443-51291-6,19165.57428920129,1,160,0.0,0.0,38798.30477825889,0,168.6
0,1.0,31.0,23,20.666666666666664,0,31.0,86,0.0,0.0,320.33333333333337,0,23.0,1,104.244.43.195,0.0,0.0,32,1,0,43478.260869565216,0,0.0,0,0.0,0.0,43478.260869565216,0,0,1,0.0,0.0,1,23.0,0.0,0.0,0.0,1,443,6,0,86,0,23.0,31.0,86956.52173913043,31.0,32,0,0.0,0.0,28/08/2017 10:58:34,0,0.0,0.0,0.0,0,0,1,0.0,31,10.42.0.151,17.8978583448784,RANSOMWARE_SIMPLOCKER,0,0.0,0,0.0,0.0,0.0,56891,0.0,31.0,31.0,31.0,32,10.42.0.151-104.244.43.195-56891-443-6,1347826.0869565215,1,32,0.0,0.0,0.0,0,0.0
0,1.0,54.0,156070,43.333333333333336,0,38.0,-1,0.0,0.0,85.33333333333333,0,156070.0,1,10.42.0.1,0.0,0.0,32,0,0,6.407381303261357,54,0.0,0,0.0,0.0,6.407381303261357,0,0,1,0.0,38.0,0,156070.0,0.0,0.0,0.0,1,53,17,0,-1,0,156070.0,65.0,12.814762606522716,38.0,32,0,0.0,54.0,28/08/2017 11:14:14,0,0.0,54.0,0.0,0,0,1,54.0,38,10.42.0.151,9.237604307034012,RANSOMWARE_SIMPLOCKER,0,0.0,0,54.0,0.0,0.0,14356,0.0,38.0,38.0,38.0,32,10.42.0.151-10.42.0.1-14356-53-17,589.4790799000449,0,32,0.0,0.0,0.0,0,54.0
0,0.0,0.0,13588443,0.0,0,0.0,-1,0.0,13588443.0,0.0,0,13588443.0,2,113.207.42.115,0.0,0.0,40,0,0,0.1471838973751444,0,0.0,1,0.0,0.0,0.0,0,0,0,0.0,0.0,0,13588443.0,13588443.0,13588443.0,0.0,2,443,6,0,1506,0,13588443.0,0.0,0.1471838973751444,0.0,40,0,0.0,0.0,28/08/2017 11:08:47,0,0.0,0.0,13588443.0,0,0,0,0.0,0,10.42.0.151,0.0,RANSOMWARE_SIMPLOCKER,0,0.0,0,0.0,0.0,0.0,47501,0.0,0.0,0.0,0.0,20,10.42.0.151-113.207.42.115-47501-443-6,0.0,1,0,0.0,0.0,0.0,0,0.0
0,0.0,0.0,49485231,0.0,0,0.0,64240,0.0,49485231.0,0.0,0,11827.0,4,121.12.98.63,0.0,0.0,120,0,0,0.08083219819667,0,0.0,0,0.0,0.0,0.0202080495491675,0,0,1,23146646.678405453,0.0,0,12371307.75,16495077.0,997162.0,0.0,4,80,6,1,65535,0,47080311.0,0.0,0.1010402477458375,0.0,120,0,0.0,0.0,22/06/2017 11:21:39,0,0.0,0.0,47080311.0,0,0,1,0.0,0,10.42.0.42,0.0,BENIGN,0,0.0,0,0.0,0.0,0.0,37116,0.0,0.0,0.0,0.0,20,10.42.0.42-121.12.98.63-37116-80-6,0.0,0,32,0.0,0.0,26488385.216824204,0,0.0
0,0.0,0.0,7364893,0.0,0,0.0,-1,0.0,7364893.0,0.0,0,7364893.0,2,192.229.163.180,0.0,0.0,64,0,0,0.2715585956238603,0,0.0,1,0.0,0.0,0.0,0,0,0,0.0,0.0,0,7364893.0,7364893.0,7364893.0,0.0,2,443,6,0,2908,0,7364893.0,0.0,0.2715585956238603,0.0,64,0,0.0,0.0,22/06/2017 11:24:10,0,0.0,0.0,7364893.0,0,0,0,0.0,0,10.42.0.42,0.0,BENIGN,0,0.0,0,0.0,0.0,0.0,47264,0.0,0.0,0.0,0.0,32,192.229.163.180-10.42.0.42-443-47264-6,0.0,1,0,0.0,0.0,0.0,0,0.0
0,0.0,0.0,51327999,0.0,0,0.0,64240,0.0,51327999.0,0.0,0,1921.0,5,121.12.98.63,0.0,0.0,152,0,0,0.0974127201023363,0,1385264.0,0,1385264.0,1385264.0,0.0389650880409345,0,0,2,19666811.531845663,0.0,0,8554666.5,12831999.75,253941.0,0.0,5,80,6,1,65535,0,48683007.0,0.0,0.1363778081432708,0.0,152,0,0.0,0.0,22/06/2017 11:21:37,0,0.0,0.0,48683007.0,0,0,2,0.0,0,10.42.0.42,0.0,BENIGN,0,0.0,0,0.0,0.0,0.0,37090,1385264.0,0.0,0.0,0.0,20,10.42.0.42-121.12.98.63-37090-80-6,0.0,0,64,0.0,0.0,23905328.838897925,0,0.0
0,0.0,0.0,61,0.0,0,0.0,-1,0.0,61.0,0.0,0,61.0,2,172.217.6.228,0.0,0.0,76,0,0,32786.88524590164,0,0.0,0,0.0,0.0,0.0,0,0,0,0.0,0.0,0,61.0,61.0,61.0,0.0,2,443,6,0,1419,0,61.0,0.0,32786.88524590164,0.0,76,0,0.0,0.0,22/06/2017 11:24:28,0,0.0,0.0,61.0,0,0,0,0.0,0,10.42.0.42,0.0,BENIGN,0,0.0,0,0.0,0.0,0.0,53595,0.0,0.0,0.0,0.0,32,172.217.6.228-10.42.0.42-443-53595-6,0.0,1,0,0.0,0.0,0.0,0,0.0
0,1.0,0.0,23966,0.0,0,0.0,939,0.0,0.0,0.0,0,23966.0,1,104.97.95.172,0.0,0.0,32,0,0,41.72577818576316,0,0.0,1,0.0,0.0,41.72577818576316,0,0,1,0.0,0.0,0,23966.0,0.0,0.0,0.0,1,80,6,0,1394,0,23966.0,0.0,83.45155637152632,0.0,32,0,0.0,0.0,28/08/2017 10:46:33,0,0.0,0.0,0.0,0,0,1,0.0,0,10.42.0.151,0.0,RANSOMWARE_SIMPLOCKER,0,0.0,0,0.0,0.0,0.0,42479,0.0,0.0,0.0,0.0,32,10.42.0.151-104.97.95.172-42479-80-6,0.0,1,32,0.0,0.0,0.0,0,0.0
0,1.0,1440.0,71156777,459.293103448276,0,0.0,155,198.097509659595,71156777.0,357635.6494252874,0,2.0,25,125.39.133.40,4541153.0,11943963.45642083,520,0,0,0.3513368796903209,24240,70835236.0,0,66610138.0,2285007.6129032257,0.4497112060036108,0,0,32,8849271.96595034,0.0,0,1270656.732142857,2964865.7083333335,6.0,66289141.0,25,80,6,1,65535,0,66289141.0,467.35087719298247,0.8010480856939318,2399.0,520,5,4541153.0,24240.0,22/06/2017 11:23:13,0,66289141.0,757.5000000000001,66289141.0,0,0,32,0.0,2399,10.42.0.42,598.0264621446842,BENIGN,0,66289141.0,0,1440.0,649.7272380552995,4541153.0,41186,2.0,95.96,95.96,562.0,20,10.42.0.42-125.39.133.40-41186-80-6,374.3705255228184,0,652,0.0,0.0,13491822.599244598,0,757.5
0,1.0,0.0,40076,0.0,0,0.0,1369,0.0,0.0,0.0,0,40076.0,1,10.42.0.42,0.0,0.0,32,0,0,24.952590078850186,0,0.0,1,0.0,0.0,24.952590078850186,0,0,1,0.0,0.0,0,40076.0,0.0,0.0,0.0,1,38250,6,0,340,0,40076.0,0.0,49.90518015770037,0.0,32,0,0.0,0.0,22/06/2017 11:21:12,0,0.0,0.0,0.0,0,0,1,0.0,0,172.217.3.110,0.0,BENIGN,0,0.0,0,0.0,0.0,0.0,80,0.0,0.0,0.0,0.0,32,172.217.3.110-10.42.0.42-80-38250-6,0.0,1,32,0.0,0.0,0.0,0,0.0
0,0.0,1040.0,59205135,542.5714285714286,0,0.0,207,600.4442799572108,59205135.0,235659.2857142857,0,30827.0,4,173.194.175.188,118457.0,0.0,128,1,0,0.0675617072742085,678,59099012.0,0,59099012.0,59099012.0,0.0337808536371042,0,0,2,26350854.010264765,0.0,1,11841027.0,19735045.0,107824.0,58978854.0,4,5228,6,0,1386,0,58978854.0,633.0,0.1013425609113128,2080.0,128,1,118457.0,678.0,28/08/2017 11:04:09,0,58978854.0,339.0,58978854.0,0,0,2,339.0,2080,10.42.0.151,485.4475107715413,RANSOMWARE_SIMPLOCKER,0,58978854.0,0,339.0,0.0,118457.0,42014,59099012.0,520.0,520.0,1040.0,32,173.194.175.188-10.42.0.151-5228-42014-6,46.58379716556681,1,64,0.0,0.0,33986135.95109825,0,339.0
0,1.0,0.0,260197,0.0,0,0.0,31,0.0,0.0,0.0,0,260197.0,1,125.88.193.226,0.0,0.0,20,0,0,3.843241851366464,0,0.0,1,0.0,0.0,3.843241851366464,0,0,1,0.0,0.0,0,260197.0,0.0,0.0,0.0,1,80,6,0,1386,0,260197.0,0.0,7.686483702732929,0.0,20,0,0.0,0.0,22/06/2017 11:22:41,0,0.0,0.0,0.0,0,0,1,0.0,0,10.42.0.42,0.0,BENIGN,0,0.0,0,0.0,0.0,0.0,58877,0.0,0.0,0.0,0.0,20,10.42.0.42-125.88.193.226-58877-80-6,0.0,1,20,0.0,0.0,0.0,0,0.0
0,0.0,0.0,14745383,0.0,0,0.0,-1,0.0,14745383.0,0.0,0,14745383.0,2,31.13.71.1,0.0,0.0,64,0,0,0.13563567660467,0,0.0,1,0.0,0.0,0.0,0,0,0,0.0,0.0,0,14745383.0,14745383.0,14745383.0,0.0,2,443,6,0,1547,0,14745383.0,0.0,0.13563567660467,0.0,64,0,0.0,0.0,22/06/2017 11:20:58,0,0.0,0.0,14745383.0,0,0,0,0.0,0,10.42.0.42,0.0,BENIGN,0,0.0,0,0.0,0.0,0.0,59744,0.0,0.0,0.0,0.0,32,10.42.0.42-31.13.71.1-59744-443-6,0.0,1,0,0.0,0.0,0.0,0,0.0
0,1.0,0.0,197141,0.0,0,0.0,1549,0.0,0.0,0.0,0,197141.0,1,10.42.0.42,0.0,0.0,32,0,0,5.072511552645061,0,0.0,1,0.0,0.0,5.072511552645061,0,0,1,0.0,0.0,0,197141.0,0.0,0.0,0.0,1,53390,6,0,349,0,197141.0,0.0,10.145023105290122,0.0,32,0,0.0,0.0,22/06/2017 11:21:59,0,0.0,0.0,0.0,0,0,1,0.0,0,172.217.12.194,0.0,BENIGN,0,0.0,0,0.0,0.0,0.0,443,0.0,0.0,0.0,0.0,32,172.217.12.194-10.42.0.42-443-53390-6,0.0,1,32,0.0,0.0,0.0,0,0.0
0,1.0,55.0,24,36.66666666666667,0,55.0,652,0.0,0.0,1008.3333333333331,0,24.0,1,172.217.10.142,0.0,0.0,32,1,0,41666.666666666664,0,0.0,0,0.0,0.0,41666.666666666664,0,0,1,0.0,0.0,1,24.0,0.0,0.0,0.0,1,443,6,0,652,0,24.0,55.0,83333.33333333333,55.0,32,0,0.0,0.0,28/08/2017 10:52:29,0,0.0,0.0,0.0,0,0,1,0.0,55,10.42.0.151,31.754264805429415,RANSOMWARE_SIMPLOCKER,0,0.0,0,0.0,0.0,0.0,36455,0.0,55.0,55.0,55.0,32,172.217.10.142-10.42.0.151-443-36455-6,2291666.6666666665,1,32,0.0,0.0,0.0,0,0.0
0,1.0,1418.0,285792,312.68421052631584,0,0.0,362,310.53663229963706,285792.0,227523.33918128657,0,10.0,9,172.217.6.234,0.0,44486.064957788425,296,0,0,31.49143432986228,4645,235576.0,0,114173.0,29447.0,31.49143432986228,0,0,9,23347.631469178796,0.0,0,16811.294117647056,35724.0,472.0,0.0,9,443,6,1,65535,0,67921.0,330.05555555555554,62.98286865972456,1296.0,296,3,0.0,4645.0,22/06/2017 11:23:44,0,0.0,516.1111111111111,81471.0,0,0,9,0.0,1296,10.42.0.42,476.99406619085585,BENIGN,0,0.0,0,1418.0,569.8303353728293,0.0,33421,10.0,144.0,144.0,944.0,32,172.217.6.234-10.42.0.42-443-33421-6,20787.84570596798,0,296,0.0,0.0,30280.106859596308,0,516.1111111111111
0,0.0,0.0,3683828,0.0,0,0.0,-1,0.0,3683828.0,0.0,0,3683828.0,2,31.13.71.1,0.0,0.0,64,0,0,0.5429135127915853,0,0.0,1,0.0,0.0,0.0,0,0,0,0.0,0.0,0,3683828.0,3683828.0,3683828.0,0.0,2,443,6,0,1547,0,3683828.0,0.0,0.5429135127915853,0.0,64,0,0.0,0.0,22/06/2017 11:20:47,0,0.0,0.0,3683828.0,0,0,0,0.0,0,10.42.0.42,0.0,BENIGN,0,0.0,0,0.0,0.0,0.0,59744,0.0,0.0,0.0,0.0,32,10.42.0.42-31.13.71.1-59744-443-6,0.0,1,0,0.0,0.0,0.0,0,0.0
0,1.0,0.0,2513,0.0,0,0.0,1369,0.0,0.0,0.0,0,2513.0,1,10.42.0.151,0.0,0.0,32,0,0,397.9307600477517,0,0.0,1,0.0,0.0,397.9307600477517,0,0,1,0.0,0.0,0,2513.0,0.0,0.0,0.0,1,38983,6,0,118,0,2513.0,0.0,795.8615200955034,0.0,32,0,0.0,0.0,28/08/2017 11:15:18,0,0.0,0.0,0.0,0,0,1,0.0,0,52.84.89.129,0.0,RANSOMWARE_SIMPLOCKER,0,0.0,0,0.0,0.0,0.0,443,0.0,0.0,0.0,0.0,32,10.42.0.151-52.84.89.129-38983-443-6,0.0,1,32,0.0,0.0,0.0,0,0.0
0,1.0,0.0,242670,0.0,0,0.0,31,0.0,0.0,0.0,0,242670.0,1,125.88.193.226,0.0,0.0,20,0,0,4.120822516174228,0,0.0,1,0.0,0.0,4.120822516174228,0,0,1,0.0,0.0,0,242670.0,0.0,0.0,0.0,1,80,6,0,1386,0,242670.0,0.0,8.241645032348456,0.0,20,0,0.0,0.0,22/06/2017 11:22:42,0,0.0,0.0,0.0,0,0,1,0.0,0,10.42.0.42,0.0,BENIGN,0,0.0,0,0.0,0.0,0.0,58878,0.0,0.0,0.0,0.0,20,10.42.0.42-125.88.193.226-58878-80-6,0.0,1,20,0.0,0.0,0.0,0,0.0
0,1.0,1448.0,2033224,696.125,0,0.0,297,249.69398264139295,2033224.0,396721.60106382985,0,3.0,18,192.229.163.180,0.0,319559.2099831468,584,0,0,8.85293504306461,30814,1964610.0,0,1695676.0,70164.64285714286,14.263062013826316,0,0,29,245083.8375592899,0.0,0,44200.52173913043,119601.41176470587,61.0,0.0,18,443,6,1,65535,0,1667325.0,710.936170212766,23.11599705689093,2600.0,584,6,0.0,30814.0,22/06/2017 11:19:52,0,0.0,1062.551724137931,1667325.0,0,0,29,0.0,2600,10.42.0.42,629.8583976290463,BENIGN,0,0.0,0,1448.0,525.4015869658245,0.0,47265,3.0,144.44444444444446,144.4444444444444,730.0,32,192.229.163.180-10.42.0.42-443-47265-6,16433.998418275605,0,936,0.0,0.0,399316.09954506264,0,1062.551724137931
0,0.0,0.0,1237,0.0,0,0.0,-1,0.0,1237.0,0.0,0,1237.0,2,180.149.153.234,0.0,0.0,40,0,0,1616.8148746968473,0,0.0,0,0.0,0.0,0.0,0,0,0,0.0,0.0,0,1237.0,1237.0,1237.0,0.0,2,80,6,0,1369,0,1237.0,0.0,1616.8148746968473,0.0,40,0,0.0,0.0,28/08/2017 10:41:08,0,0.0,0.0,1237.0,0,0,0,0.0,0,10.42.0.151,0.0,RANSOMWARE_SIMPLOCKER,0,0.0,0,0.0,0.0,0.0,56719,0.0,0.0,0.0,0.0,20,180.149.153.234-10.42.0.151-80-56719-6,0.0,1,0,0.0,0.0,0.0,0,0.0
0,1.0,0.0,197141,0.0,0,0.0,1549,0.0,0.0,0.0,0,197141.0,1,10.42.0.42,0.0,0.0,32,0,0,5.072511552645061,0,0.0,1,0.0,0.0,5.072511552645061,0,0,1,0.0,0.0,0,197141.0,0.0,0.0,0.0,1,53390,6,0,349,0,197141.0,0.0,10.145023105290122,0.0,32,0,0.0,0.0,22/06/2017 11:21:59,0,0.0,0.0,0.0,0,0,1,0.0,0,172.217.12.194,0.0,BENIGN,0,0.0,0,0.0,0.0,0.0,443,0.0,0.0,0.0,0.0,32,172.217.12.194-10.42.0.42-443-53390-6,0.0,1,32,0.0,0.0,0.0,0,0.0
0,1.0,2337.0,44975387,693.1278688524595,0,0.0,50,207.70961910229568,44975387.0,510513.9079378776,0,6.0,130,64.71.142.120,486533.0,3173161.6184701137,2632,0,0,2.890469847430107,206858,44840289.0,0,41729459.0,259192.42196531812,3.868782718867989,0,0,174,2393681.697753967,0.0,0,148433.62046204627,348646.4108527132,9.0,41657363.0,130,443,6,1,65535,0,41657363.0,695.4078947368421,6.759252566298096,4546.0,2632,25,486533.0,206858.0,28/08/2017 10:37:04,0,41657363.0,1188.8390804597702,41769100.0,0,0,174,0.0,4546,10.42.0.151,714.5025597839924,RANSOMWARE_SIMPLOCKER,0,41657363.0,0,1460.0,538.03809465154,486533.0,51006,6.0,34.96923076923077,34.969230769230776,2337.0,20,10.42.0.151-64.71.142.120-51006-443-6,4700.437597123956,0,3492,0.0,0.0,3677137.783245236,0,1188.83908045977
0,1.0,48.0,336554,37.333333333333336,0,32.0,-1,0.0,0.0,85.33333333333333,0,336554.0,1,10.42.0.1,0.0,0.0,20,0,0,2.971291382660732,48,0.0,0,0.0,0.0,2.971291382660732,0,0,1,0.0,32.0,0,336554.0,0.0,0.0,0.0,1,53,17,0,-1,0,336554.0,56.0,5.942582765321464,32.0,20,0,0.0,48.0,22/06/2017 11:23:16,0,0.0,48.0,0.0,0,0,1,48.0,32,10.42.0.42,9.237604307034012,BENIGN,0,0.0,0,48.0,0.0,0.0,26136,0.0,32.0,32.0,32.0,20,10.42.0.1-10.42.0.42-53-26136-17,237.70331061285856,0,20,0.0,0.0,0.0,0,48.0
0,1.0,1460.0,29996594,331.09090909090907,0,0.0,123,176.0,456139.0,327117.89090909093,0,17.0,4,203.205.158.35,0.0,13189337.72081232,100,0,0,0.1333484728299486,3290,29773749.0,0,29547911.0,5954749.8,0.2000227092449229,0,0,6,9828277.96516496,0.0,0,3332954.888888889,152046.33333333334,521.0,0.0,4,80,6,1,65535,0,29540455.0,364.2,0.3333711820748715,352.0,100,1,0.0,3290.0,22/06/2017 11:23:16,0,0.0,548.3333333333334,230557.0,0,0,6,0.0,352,10.42.0.42,571.942209413758,BENIGN,0,0.0,0,1460.0,714.0155927335668,0.0,60658,17.0,88.0,88.0,352.0,20,203.205.158.35-10.42.0.42-80-60658-6,121.4137845116682,0,132,0.0,0.0,131253.55799113918,0,548.3333333333334
0,1.0,187.0,2972,124.66666666666666,0,187.0,0,0.0,0.0,11656.333333333334,0,2972.0,1,10.42.0.151,0.0,0.0,20,0,0,336.47375504710635,0,0.0,1,0.0,0.0,336.47375504710635,0,0,1,0.0,0.0,0,2972.0,0.0,0.0,0.0,1,39085,6,0,115,0,2972.0,187.0,672.9475100942127,187.0,20,0,0.0,0.0,28/08/2017 10:40:52,0,0.0,0.0,0.0,0,0,1,0.0,187,113.108.216.233,107.96450033846004,RANSOMWARE_SIMPLOCKER,0,0.0,0,0.0,0.0,0.0,80,0.0,187.0,187.0,187.0,20,10.42.0.151-113.108.216.233-39085-80-6,62920.59219380889,1,20,0.0,0.0,0.0,0,0.0
0,1.0,102.0,58316,62.0,0,42.0,-1,0.0,0.0,1200.0,0,58316.0,1,10.42.0.1,0.0,0.0,32,0,0,17.147952534467386,102,0.0,0,0.0,0.0,17.147952534467386,0,0,1,0.0,42.0,0,58316.0,0.0,0.0,0.0,1,53,17,0,-1,0,58316.0,93.0,34.29590506893477,42.0,32,0,0.0,102.0,22/06/2017 11:19:54,0,0.0,102.0,0.0,0,0,1,102.0,42,10.42.0.42,34.64101615137755,BENIGN,0,0.0,0,102.0,0.0,0.0,1390,0.0,42.0,42.0,42.0,32,10.42.0.1-10.42.0.42-53-1390-17,2469.3051649633035,0,32,0.0,0.0,0.0,0,102.0
0,0.0,794.0,74494,172.125,0,0.0,942,291.5,74494.0,104758.41071428572,0,1884.0,4,104.97.95.172,0.0,6733.777877239492,136,0,0,53.69559964560904,794,47861.0,0,28692.0,23930.5,40.27169973420678,0,0,3,11397.04817339414,0.0,0,12415.666666666666,24831.333333333336,2369.0,0.0,4,80,6,1,65535,0,24439.0,196.71428571428572,93.9672993798158,583.0,136,1,0.0,794.0,28/08/2017 10:40:45,0,0.0,264.6666666666667,45838.0,0,0,3,0.0,583,10.42.0.151,323.66403988439265,RANSOMWARE_SIMPLOCKER,0,0.0,0,794.0,458.41611373656286,0.0,42522,19169.0,145.75,145.75,583.0,32,10.42.0.151-104.97.95.172-42522-80-6,18484.71017800091,0,104,0.0,0.0,21771.02924377562,0,264.6666666666667
0,1.0,0.0,180616,0.0,0,0.0,1637,0.0,0.0,0.0,0,180616.0,1,10.42.0.42,0.0,0.0,32,0,0,5.536608052442752,0,0.0,1,0.0,0.0,5.536608052442752,0,0,1,0.0,0.0,0,180616.0,0.0,0.0,0.0,1,51124,6,0,362,0,180616.0,0.0,11.073216104885503,0.0,32,0,0.0,0.0,22/06/2017 11:21:21,0,0.0,0.0,0.0,0,0,1,0.0,0,172.217.10.131,0.0,BENIGN,0,0.0,0,0.0,0.0,0.0,443,0.0,0.0,0.0,0.0,32,172.217.10.131-10.42.0.42-443-51124-6,0.0,1,32,0.0,0.0,0.0,0,0.0
0,0.0,0.0,9289303,0.0,0,0.0,-1,0.0,9289303.0,0.0,0,9289303.0,2,103.7.30.118,0.0,0.0,64,0,0,0.2153014063595514,0,0.0,0,0.0,0.0,0.0,0,0,0,0.0,0.0,0,9289303.0,9289303.0,9289303.0,0.0,2,80,6,0,1453,0,9289303.0,0.0,0.2153014063595514,0.0,64,0,0.0,0.0,22/06/2017 11:23:53,0,0.0,0.0,9289303.0,0,0,0,0.0,0,10.42.0.42,0.0,BENIGN,0,0.0,0,0.0,0.0,0.0,54196,0.0,0.0,0.0,0.0,32,10.42.0.42-103.7.30.118-54196-80-6,0.0,1,0,0.0,0.0,0.0,0,0.0
0,0.0,0.0,3683828,0.0,0,0.0,-1,0.0,3683828.0,0.0,0,3683828.0,2,31.13.71.1,0.0,0.0,64,0,0,0.5429135127915853,0,0.0,1,0.0,0.0,0.0,0,0,0,0.0,0.0,0,3683828.0,3683828.0,3683828.0,0.0,2,443,6,0,1547,0,3683828.0,0.0,0.5429135127915853,0.0,64,0,0.0,0.0,22/06/2017 11:20:47,0,0.0,0.0,3683828.0,0,0,0,0.0,0,10.42.0.42,0.0,BENIGN,0,0.0,0,0.0,0.0,0.0,59744,0.0,0.0,0.0,0.0,32,10.42.0.42-31.13.71.1-59744-443-6,0.0,1,0,0.0,0.0,0.0,0,0.0
0,0.0,45.0,97423,22.5,0,0.0,0,31.81980515339464,843.0,675.0,0,843.0,2,91.134.155.244,0.0,0.0,64,1,0,20.529033185182143,0,0.0,0,0.0,0.0,10.264516592591072,0,0,1,67696.2819104565,0.0,1,48711.5,843.0,843.0,0.0,2,5222,6,0,1641,0,96580.0,30.0,30.79354977777322,45.0,64,0,0.0,0.0,28/08/2017 11:20:01,0,0.0,0.0,843.0,0,0,1,0.0,45,10.42.0.151,25.98076211353316,RANSOMWARE_SIMPLOCKER,0,0.0,0,0.0,0.0,0.0,40345,0.0,22.5,22.5,45.0,32,10.42.0.151-91.134.155.244-40345-5222-6,461.90324666659825,1,20,0.0,0.0,0.0,0,0.0
0,1.0,201.0,61759,87.0,0,30.0,-1,0.0,0.0,9747.0,0,61759.0,1,10.42.0.1,0.0,0.0,40,0,0,16.19197202027235,201,0.0,0,0.0,0.0,16.19197202027235,0,0,1,0.0,30.0,0,61759.0,0.0,0.0,0.0,1,53,17,0,-1,0,61759.0,130.5,32.3839440405447,30.0,40,0,0.0,201.0,22/06/2017 11:21:37,0,0.0,201.0,0.0,0,0,1,201.0,30,10.42.0.42,98.726896031426,BENIGN,0,0.0,0,201.0,0.0,0.0,60982,0.0,30.0,30.0,30.0,40,10.42.0.1-10.42.0.42-53-60982-17,3740.345536682913,0,20,0.0,0.0,0.0,0,201.0
0,1.0,0.0,1316070,0.0,0,0.0,519,0.0,0.0,0.0,0,1316070.0,1,121.12.98.63,0.0,0.0,32,0,0,0.7598380025378589,0,0.0,0,0.0,0.0,0.7598380025378589,0,0,1,0.0,0.0,0,1316070.0,0.0,0.0,0.0,1,80,6,0,2054,0,1316070.0,0.0,1.519676005075718,0.0,32,0,0.0,0.0,22/06/2017 11:21:48,0,0.0,0.0,0.0,0,0,1,0.0,0,10.42.0.42,0.0,BENIGN,0,0.0,0,0.0,0.0,0.0,37068,0.0,0.0,0.0,0.0,32,10.42.0.42-121.12.98.63-37068-80-6,0.0,1,20,0.0,0.0,0.0,0,0.0
0,0.0,1.0,1692279,0.3846153846153846,0,0.0,33,0.0,1692279.0,0.2564102564102564,0,1968.0,7,113.207.42.115,0.0,426.99834113652014,212,0,0,4.13643376771797,5,1199885.0,0,300400.0,299971.25,2.954595548369979,0,0,5,112472.99963045676,0.0,0,153843.54545454544,282046.5,159447.0,0.0,7,443,6,0,1506,0,303976.0,0.4166666666666667,7.091029316087949,0.0,212,0,0.0,5.0,28/08/2017 11:08:35,0,0.0,1.0,376132.0,0,0,5,1.0,0,10.42.0.151,0.5063696835418333,RANSOMWARE_SIMPLOCKER,0,0.0,0,1.0,0.0,0.0,47501,299457.0,0.0,0.0,0.0,20,10.42.0.151-113.207.42.115-47501-443-6,2.954595548369979,1,100,0.0,0.0,74181.36063661815,0,1.0
0,1.0,0.0,36469,0.0,0,0.0,357,0.0,0.0,0.0,0,36469.0,1,172.217.6.227,0.0,0.0,32,0,0,27.420548959390167,0,0.0,1,0.0,0.0,27.420548959390167,0,0,1,0.0,0.0,0,36469.0,0.0,0.0,0.0,1,443,6,0,1637,0,36469.0,0.0,54.841097918780335,0.0,32,0,0.0,0.0,22/06/2017 11:26:29,0,0.0,0.0,0.0,0,0,1,0.0,0,10.42.0.42,0.0,BENIGN,0,0.0,0,0.0,0.0,0.0,40468,0.0,0.0,0.0,0.0,32,172.217.6.227-10.42.0.42-443-40468-6,0.0,1,32,0.0,0.0,0.0,0,0.0
0,0.0,0.0,24077296,0.0,0,0.0,-1,0.0,24077296.0,0.0,0,24077296.0,2,119.146.74.33,0.0,0.0,40,0,0,0.0830658060606141,0,0.0,1,0.0,0.0,0.0,0,0,0,0.0,0.0,0,24077296.0,24077296.0,24077296.0,0.0,2,443,6,0,1369,0,24077296.0,0.0,0.0830658060606141,0.0,40,0,0.0,0.0,28/08/2017 10:42:59,0,0.0,0.0,24077296.0,0,0,0,0.0,0,10.42.0.151,0.0,RANSOMWARE_SIMPLOCKER,0,0.0,0,0.0,0.0,0.0,48324,0.0,0.0,0.0,0.0,20,10.42.0.151-119.146.74.33-48324-443-6,0.0,1,0,0.0,0.0,0.0,0,0.0
0,1.0,70.0,302004,46.0,0,34.0,-1,0.0,0.0,432.0,0,302004.0,1,10.42.0.1,0.0,0.0,40,0,0,3.3112144210010466,70,0.0,0,0.0,0.0,3.3112144210010466,0,0,1,0.0,34.0,0,302004.0,0.0,0.0,0.0,1,53,17,0,-1,0,302004.0,69.0,6.622428842002093,34.0,40,0,0.0,70.0,28/08/2017 10:40:41,0,0.0,70.0,0.0,0,0,1,70.0,34,10.42.0.151,20.784609690826528,RANSOMWARE_SIMPLOCKER,0,0.0,0,70.0,0.0,0.0,61172,0.0,34.0,34.0,34.0,40,10.42.0.151-10.42.0.1-61172-53-17,344.36629978410883,0,32,0.0,0.0,0.0,0,70.0
0,1.0,0.0,37649,0.0,0,0.0,1369,0.0,0.0,0.0,0,37649.0,1,10.42.0.42,0.0,0.0,32,0,0,26.561130441711597,0,0.0,1,0.0,0.0,26.561130441711597,0,0,1,0.0,0.0,0,37649.0,0.0,0.0,0.0,1,41986,6,0,340,0,37649.0,0.0,53.122260883423195,0.0,32,0,0.0,0.0,22/06/2017 11:21:43,0,0.0,0.0,0.0,0,0,1,0.0,0,172.217.10.142,0.0,BENIGN,0,0.0,0,0.0,0.0,0.0,80,0.0,0.0,0.0,0.0,32,172.217.10.142-10.42.0.42-80-41986-6,0.0,1,32,0.0,0.0,0.0,0,0.0
0,0.0,0.0,4882555,0.0,0,0.0,-1,0.0,4882555.0,0.0,0,35785.0,3,36.110.213.49,0.0,0.0,60,0,0,0.6144324027071891,0,0.0,0,0.0,0.0,0.0,0,0,0,3401880.1176867625,0.0,0,2441277.5,2441277.5,35785.0,0.0,3,443,6,0,1506,0,4846770.0,0.0,0.6144324027071891,0.0,60,0,0.0,0.0,28/08/2017 11:17:10,0,0.0,0.0,4846770.0,0,0,0,0.0,0,10.42.0.151,0.0,RANSOMWARE_SIMPLOCKER,0,0.0,0,0.0,0.0,0.0,39857,0.0,0.0,0.0,0.0,20,10.42.0.151-36.110.213.49-39857-443-6,0.0,1,0,0.0,0.0,3401880.1176867625,0,0.0
0,1.0,0.0,231069,0.0,0,0.0,118,0.0,0.0,0.0,0,231069.0,1,52.84.40.192,0.0,0.0,32,0,0,4.327711635918275,0,0.0,1,0.0,0.0,4.327711635918275,0,0,1,0.0,0.0,0,231069.0,0.0,0.0,0.0,1,80,6,0,118,0,231069.0,0.0,8.65542327183655,0.0,32,0,0.0,0.0,22/06/2017 11:23:36,0,0.0,0.0,0.0,0,0,1,0.0,0,10.42.0.42,0.0,BENIGN,0,0.0,0,0.0,0.0,0.0,38050,0.0,0.0,0.0,0.0,32,10.42.0.42-52.84.40.192-38050-80-6,0.0,1,32,0.0,0.0,0.0,0,0.0
0,0.0,0.0,49300964,0.0,0,0.0,-1,0.0,49300964.0,0.0,0,49300964.0,2,121.12.98.64,0.0,0.0,40,0,0,0.0405671580782882,0,0.0,0,0.0,0.0,0.0,0,0,0,0.0,0.0,0,49300964.0,49300964.0,49300964.0,0.0,2,80,6,0,1643,0,49300964.0,0.0,0.0405671580782882,0.0,40,0,0.0,0.0,28/08/2017 11:17:17,0,0.0,0.0,49300964.0,0,0,0,0.0,0,10.42.0.151,0.0,RANSOMWARE_SIMPLOCKER,0,0.0,0,0.0,0.0,0.0,41705,0.0,0.0,0.0,0.0,20,10.42.0.151-121.12.98.64-41705-80-6,0.0,1,0,0.0,0.0,0.0,0,0.0
0,1.0,26.0,1321321,21.63636363636364,0,18.0,-1,0.0,1024519.0,17.454545454545453,0,2687.0,5,41.207.11.94,0.0,24935.627182808137,160,0,0,3.78409182931324,130,1075262.0,0,300297.0,268815.5,3.78409182931324,0,0,5,137124.339349467,18.0,0,146813.44444444447,256129.75,247301.0,0.0,5,31578,17,0,-1,0,296802.0,23.8,7.568183658626481,90.0,160,4,0.0,130.0,28/08/2017 11:02:57,0,0.0,26.0,278686.0,0,0,5,26.0,90,10.42.0.151,4.177863742936748,RANSOMWARE_SIMPLOCKER,0,0.0,0,26.0,0.0,0.0,43477,247848.0,18.0,18.0,18.0,32,10.42.0.151-41.207.11.94-43477-31578-17,166.50004048978258,0,160,0.0,0.0,15066.316634023944,0,26.0
0,1.0,1304.0,72706226,166.1818181818182,0,0.0,134,407.0301654122893,7743633.0,96070.72727272724,0,32.0,10,157.240.18.15,140177.0,20353158.726190913,328,0,0,0.137539802987436,1816,72668617.0,0,64966185.0,7266861.7,0.1512937832861796,0,0,11,14490998.058780124,0.0,0,3635311.3,860403.6666666666,234.0,5623792.0,10,443,6,1,65535,0,64962556.0,174.0952380952381,0.2888335862736156,1840.0,328,4,1979664.0,1816.0,28/08/2017 11:01:59,0,64962556.0,165.0909090909091,5623792.0,0,0,11,0.0,1840,10.42.0.151,309.95278232777207,RANSOMWARE_SIMPLOCKER,0,35293174.0,0,673.0,222.62500063804808,1059920.5,43640,32.0,184.0,184.0,1304.0,32,157.240.18.15-10.42.0.151-443-43640-6,50.284551972206614,0,360,1300713.7316044988,41958842.41162819,1848206.323911308,0,165.0909090909091
0,1.0,1418.0,349090,296.3478260869565,0,0.0,181,274.8432611177109,349090.0,207990.87351778665,0,7.0,11,172.217.10.10,0.0,39058.03556262285,372,0,0,31.510498725257097,5642,282713.0,0,102800.0,28271.3,31.510498725257097,0,0,11,20729.565030008067,0.0,0,16623.333333333336,34909.0,20.0,0.0,11,443,6,1,65535,0,71551.0,309.8181818181818,63.020997450514194,1174.0,372,3,0.0,5642.0,28/08/2017 10:34:14,0,0.0,512.9090909090909,101423.0,0,0,11,0.0,1174,10.42.0.151,456.0601643618818,RANSOMWARE_SIMPLOCKER,0,0.0,0,1418.0,531.1484640936948,0.0,58010,7.0,106.72727272727272,106.72727272727272,919.0,32,172.217.10.10-10.42.0.151-443-58010-6,19525.050846486574,0,360,0.0,0.0,37688.28724329793,0,512.9090909090909
0,2.0,1448.0,32968880,552.8139534883722,0,0.0,164,206.02001663126632,3835735.0,326059.67884828354,0,3.0,14,203.205.158.63,0.0,5597515.175547583,456,0,0,0.4246428753418375,21372,32740702.0,0,29147076.0,1212618.5925925928,0.8492857506836751,0,0,28,4544346.620320993,0.0,0,804119.0243902439,295056.53846153844,8567.0,0.0,14,80,6,1,65535,0,29133145.0,565.9761904761905,1.2739286260255125,2399.0,456,6,0.0,21372.0,22/06/2017 11:23:14,0,0.0,763.2857142857143,1835697.0,0,0,28,0.0,2399,10.42.0.42,571.0163560251874,BENIGN,0,0.0,0,1448.0,595.0301490738754,0.0,52651,3.0,171.35714285714286,171.35714285714283,418.0,32,203.205.158.63-10.42.0.42-80-52651-6,721.0132706964871,0,904,0.0,0.0,475267.0363731698,0,763.2857142857143
0,0.0,0.0,1006784,0.0,0,0.0,-1,0.0,1006784.0,0.0,0,1006784.0,2,104.192.108.22,0.0,0.0,64,0,0,1.9865234250842287,0,0.0,0,0.0,0.0,0.0,0,0,0,0.0,0.0,0,1006784.0,1006784.0,1006784.0,0.0,2,443,6,0,1369,0,1006784.0,0.0,1.9865234250842287,0.0,64,0,0.0,0.0,28/08/2017 11:18:05,0,0.0,0.0,1006784.0,0,0,0,0.0,0,10.42.0.151,0.0,RANSOMWARE_SIMPLOCKER,0,0.0,0,0.0,0.0,0.0,50810,0.0,0.0,0.0,0.0,32,10.42.0.151-104.192.108.22-50810-443-6,0.0,1,0,0.0,0.0,0.0,0,0.0
0,0.0,0.0,31763008,0.0,0,0.0,-1,0.0,31763008.0,0.0,0,31763008.0,2,112.80.248.187,0.0,0.0,40,0,0,0.0629663286298325,0,0.0,1,0.0,0.0,0.0,0,0,0,0.0,0.0,0,31763008.0,31763008.0,31763008.0,0.0,2,80,6,0,1369,0,31763008.0,0.0,0.0629663286298325,0.0,40,0,0.0,0.0,22/06/2017 11:24:33,0,0.0,0.0,31763008.0,0,0,0,0.0,0,10.42.0.42,0.0,BENIGN,0,0.0,0,0.0,0.0,0.0,60530,0.0,0.0,0.0,0.0,20,10.42.0.42-112.80.248.187-60530-80-6,0.0,1,0,0.0,0.0,0.0,0,0.0
0,1.0,89.0,101347,57.666666666666664,0,42.0,-1,0.0,0.0,736.3333333333333,0,101347.0,1,10.42.0.1,0.0,0.0,32,0,0,9.867090293743278,89,0.0,0,0.0,0.0,9.867090293743278,0,0,1,0.0,42.0,0,101347.0,0.0,0.0,0.0,1,53,17,0,-1,0,101347.0,86.5,19.734180587486556,42.0,32,0,0.0,89.0,28/08/2017 10:40:59,0,0.0,89.0,0.0,0,0,1,89.0,42,10.42.0.151,27.13546265191241,RANSOMWARE_SIMPLOCKER,0,0.0,0,89.0,0.0,0.0,45015,0.0,42.0,42.0,42.0,32,10.42.0.151-10.42.0.1-45015-53-17,1292.588828480369,0,32,0.0,0.0,0.0,0,89.0
0,1.0,1350.0,1818200,881.1677524429966,0,35.0,-1,138.17545961334474,1818200.0,385559.8233629664,0,1.0,211,172.217.6.227,0.0,31420.133339822005,6064,0,0,116.04883951160488,527047,1742753.0,0,541033.0,4346.017456359101,221.09778902210977,0,0,402,21355.627654703116,30.0,0,2970.9150326797394,8658.095238095242,5.0,0.0,211,443,17,0,-1,0,488585.0,882.605220228385,337.14662853371465,12640.0,6064,210,0.0,527047.0,22/06/2017 11:22:29,0,0.0,1311.062189054726,519763.0,0,0,402,30.0,12640,10.42.0.42,620.9346369489839,BENIGN,0,0.0,0,1350.0,196.68079538937332,0.0,48652,7.0,59.90521327014218,59.9052132701422,1350.0,20,172.217.6.227-10.42.0.42-443-48652-17,296824.8817511825,0,11404,0.0,0.0,39054.84887122881,0,1311.0621890547263
0,0.0,0.0,39269515,0.0,0,0.0,-1,0.0,39269515.0,0.0,0,39269515.0,2,121.12.98.63,0.0,0.0,40,0,0,0.0509300917009033,0,0.0,0,0.0,0.0,0.0,0,0,0,0.0,0.0,0,39269515.0,39269515.0,39269515.0,0.0,2,80,6,0,1415,0,39269515.0,0.0,0.0509300917009033,0.0,40,0,0.0,0.0,22/06/2017 11:21:49,0,0.0,0.0,39269515.0,0,0,0,0.0,0,10.42.0.42,0.0,BENIGN,0,0.0,0,0.0,0.0,0.0,37063,0.0,0.0,0.0,0.0,20,10.42.0.42-121.12.98.63-37063-80-6,0.0,1,0,0.0,0.0,0.0,0,0.0
0,0.0,0.0,142284,0.0,0,0.0,-1,0.0,142284.0,0.0,0,142284.0,2,108.174.10.10,0.0,0.0,64,0,0,14.05639425374603,0,0.0,0,0.0,0.0,0.0,0,0,0,0.0,0.0,0,142284.0,142284.0,142284.0,0.0,2,80,6,0,1386,0,142284.0,0.0,14.05639425374603,0.0,64,0,0.0,0.0,22/06/2017 11:19:51,0,0.0,0.0,142284.0,0,0,0,0.0,0,10.42.0.42,0.0,BENIGN,0,0.0,0,0.0,0.0,0.0,45599,0.0,0.0,0.0,0.0,32,10.42.0.42-108.174.10.10-45599-80-6,0.0,1,0,0.0,0.0,0.0,0,0.0
0,0.0,0.0,14949286,0.0,0,0.0,-1,0.0,14949286.0,0.0,0,14949286.0,2,203.205.158.62,0.0,0.0,64,0,0,0.1337856537094815,0,0.0,0,0.0,0.0,0.0,0,0,0,0.0,0.0,0,14949286.0,14949286.0,14949286.0,0.0,2,80,6,0,1975,0,14949286.0,0.0,0.1337856537094815,0.0,64,0,0.0,0.0,22/06/2017 11:23:48,0,0.0,0.0,14949286.0,0,0,0,0.0,0,10.42.0.42,0.0,BENIGN,0,0.0,0,0.0,0.0,0.0,46400,0.0,0.0,0.0,0.0,32,203.205.158.62-10.42.0.42-80-46400-6,0.0,1,0,0.0,0.0,0.0,0,0.0
0,0.0,0.0,25561839,0.0,0,0.0,-1,0.0,25561839.0,0.0,0,162046.0,3,54.192.36.129,0.0,0.0,96,0,0,0.117362447983496,0,0.0,1,0.0,0.0,0.0,0,0,0,17845782.045570448,0.0,0,12780919.5,12780919.5,162046.0,0.0,3,80,6,0,118,0,25399793.0,0.0,0.117362447983496,0.0,96,0,0.0,0.0,22/06/2017 11:23:37,0,0.0,0.0,25399793.0,0,0,0,0.0,0,10.42.0.42,0.0,BENIGN,0,0.0,0,0.0,0.0,0.0,46374,0.0,0.0,0.0,0.0,32,10.42.0.42-54.192.36.129-46374-80-6,0.0,1,0,0.0,0.0,17845782.045570448,0,0.0
0,0.0,0.0,7365332,0.0,0,0.0,-1,0.0,7365332.0,0.0,0,7365332.0,2,192.229.163.180,0.0,0.0,64,0,0,0.2715424097650995,0,0.0,1,0.0,0.0,0.0,0,0,0,0.0,0.0,0,7365332.0,7365332.0,7365332.0,0.0,2,443,6,0,1595,0,7365332.0,0.0,0.2715424097650995,0.0,64,0,0.0,0.0,22/06/2017 11:24:10,0,0.0,0.0,7365332.0,0,0,0,0.0,0,10.42.0.42,0.0,BENIGN,0,0.0,0,0.0,0.0,0.0,47269,0.0,0.0,0.0,0.0,32,192.229.163.180-10.42.0.42-443-47269-6,0.0,1,0,0.0,0.0,0.0,0,0.0
0,0.0,0.0,38938005,0.0,0,0.0,-1,0.0,38938005.0,0.0,0,38938005.0,2,121.12.98.63,0.0,0.0,40,0,0,0.0513636998094792,0,0.0,0,0.0,0.0,0.0,0,0,0,0.0,0.0,0,38938005.0,38938005.0,38938005.0,0.0,2,80,6,0,3149,0,38938005.0,0.0,0.0513636998094792,0.0,40,0,0.0,0.0,22/06/2017 11:21:49,0,0.0,0.0,38938005.0,0,0,0,0.0,0,10.42.0.42,0.0,BENIGN,0,0.0,0,0.0,0.0,0.0,37117,0.0,0.0,0.0,0.0,20,10.42.0.42-121.12.98.63-37117-80-6,0.0,1,0,0.0,0.0,0.0,0,0.0
0,1.0,1448.0,119053,747.0,0,0.0,118,85.34265299984897,119053.0,511405.78723404254,0,1.0,19,52.84.40.81,0.0,8873.761976168089,616,0,0,159.59278640605444,35484,80435.0,0,43606.0,2979.074074074074,235.18936944050128,0,0,28,6554.288513733282,0.0,0,2588.108695652173,6614.055555555555,2.0,0.0,19,80,6,1,65535,0,30115.0,762.8936170212766,394.7821558465557,372.0,616,1,0.0,35484.0,22/06/2017 11:21:37,0,0.0,1267.2857142857144,36963.0,0,0,28,0.0,372,10.42.0.42,715.1264134641109,BENIGN,0,0.0,0,1448.0,460.0222906952531,0.0,36205,1.0,19.57894736842105,19.57894736842106,372.0,32,10.42.0.42-52.84.40.81-36205-80-6,301176.7868092362,0,904,0.0,0.0,11692.447132140836,0,1267.2857142857142
0,0.0,0.0,22299686,0.0,0,0.0,-1,0.0,22299686.0,0.0,0,22299686.0,2,220.243.235.201,0.0,0.0,40,0,0,0.0896873615171083,0,0.0,0,0.0,0.0,0.0,0,0,0,0.0,0.0,0,22299686.0,22299686.0,22299686.0,0.0,2,80,6,0,1506,0,22299686.0,0.0,0.0896873615171083,0.0,40,0,0.0,0.0,22/06/2017 11:22:06,0,0.0,0.0,22299686.0,0,0,0,0.0,0,10.42.0.42,0.0,BENIGN,0,0.0,0,0.0,0.0,0.0,59095,0.0,0.0,0.0,0.0,20,220.243.235.201-10.42.0.42-80-59095-6,0.0,1,0,0.0,0.0,0.0,0,0.0
0,1.0,55.0,183,36.66666666666667,0,55.0,349,0.0,0.0,1008.3333333333331,0,183.0,1,172.217.11.42,0.0,0.0,32,1,0,5464.48087431694,0,0.0,0,0.0,0.0,5464.48087431694,0,0,1,0.0,0.0,1,183.0,0.0,0.0,0.0,1,443,6,0,349,0,183.0,55.0,10928.96174863388,55.0,32,0,0.0,0.0,22/06/2017 11:25:37,0,0.0,0.0,0.0,0,0,1,0.0,55,10.42.0.42,31.754264805429415,BENIGN,0,0.0,0,0.0,0.0,0.0,44460,0.0,55.0,55.0,55.0,32,172.217.11.42-10.42.0.42-443-44460-6,300546.44808743167,1,32,0.0,0.0,0.0,0,0.0
0,1.0,77.0,51140,50.333333333333336,0,37.0,-1,0.0,0.0,533.3333333333334,0,51140.0,1,10.42.0.1,0.0,0.0,32,0,0,19.554165037152913,77,0.0,0,0.0,0.0,19.554165037152913,0,0,1,0.0,37.0,0,51140.0,0.0,0.0,0.0,1,53,17,0,-1,0,51140.0,75.5,39.108330074305826,37.0,32,0,0.0,77.0,22/06/2017 11:20:03,0,0.0,77.0,0.0,0,0,1,77.0,37,10.42.0.42,23.094010767585033,BENIGN,0,0.0,0,77.0,0.0,0.0,30071,0.0,37.0,37.0,37.0,32,10.42.0.1-10.42.0.42-53-30071-17,2229.174814235432,0,32,0.0,0.0,0.0,0,77.0
0,1.0,0.0,192142,0.0,0,0.0,1419,0.0,0.0,0.0,0,192142.0,1,10.42.0.42,0.0,0.0,32,0,0,5.204484183572566,0,0.0,1,0.0,0.0,5.204484183572566,0,0,1,0.0,0.0,0,192142.0,0.0,0.0,0.0,1,36531,6,0,362,0,192142.0,0.0,10.408968367145132,0.0,32,0,0.0,0.0,22/06/2017 11:22:56,0,0.0,0.0,0.0,0,0,1,0.0,0,172.217.12.174,0.0,BENIGN,0,0.0,0,0.0,0.0,0.0,443,0.0,0.0,0.0,0.0,32,172.217.12.174-10.42.0.42-443-36531-6,0.0,1,32,0.0,0.0,0.0,0,0.0
0,2.0,1448.0,30965477,767.56338028169,0,0.0,164,186.0261441727734,1740306.0,413588.79235412466,0,3.0,20,203.205.158.63,0.0,4171707.745058077,648,0,0,0.6458805720964673,52129,30739344.0,0,29227666.0,627333.551020408,1.6147014302411682,0,0,50,3515876.31258372,0.0,0,448775.02898550726,91595.05263157896,7.0,0.0,20,80,6,1,65535,0,29225171.0,778.5285714285715,2.2605820023376357,2368.0,648,6,0.0,52129.0,22/06/2017 11:23:14,0,0.0,1042.58,242388.0,0,0,50,0.0,2368,10.42.0.42,643.1086940433356,BENIGN,0,0.0,0,1448.0,562.3308667265824,0.0,52652,3.0,118.4,118.4,419.0,32,203.205.158.63-10.42.0.42-80-52652-6,1759.927676877059,0,1608,0.0,0.0,111118.484688629,0,1042.58
0,0.0,0.0,49697854,0.0,0,0.0,64240,0.0,49697854.0,0.0,0,4227.0,4,121.12.98.63,0.0,0.0,120,0,0,0.080486372711385,0,0.0,0,0.0,0.0,0.0201215931778462,0,0,1,24016892.69064035,0.0,0,12424463.5,16565951.333333334,254146.0,0.0,4,80,6,1,65535,0,48444206.0,0.0,0.1006079658892313,0.0,120,0,0.0,0.0,22/06/2017 11:21:38,0,0.0,0.0,48444206.0,0,0,1,0.0,0,10.42.0.42,0.0,BENIGN,0,0.0,0,0.0,0.0,0.0,37111,0.0,0.0,0.0,0.0,20,10.42.0.42-121.12.98.63-37111-80-6,0.0,0,32,0.0,0.0,27609893.68571211,0,0.0
0,0.0,0.0,48296772,0.0,0,0.0,-1,0.0,48296772.0,0.0,0,48296772.0,2,36.110.213.49,0.0,0.0,40,0,0,0.0414106350627325,0,0.0,0,0.0,0.0,0.0,0,0,0,0.0,0.0,0,48296772.0,48296772.0,48296772.0,0.0,2,80,6,0,1643,0,48296772.0,0.0,0.0414106350627325,0.0,40,0,0.0,0.0,22/06/2017 11:21:40,0,0.0,0.0,48296772.0,0,0,0,0.0,0,10.42.0.42,0.0,BENIGN,0,0.0,0,0.0,0.0,0.0,49695,0.0,0.0,0.0,0.0,20,10.42.0.42-36.110.213.49-49695-80-6,0.0,1,0,0.0,0.0,0.0,0,0.0
0,0.0,0.0,224352,0.0,0,0.0,-1,0.0,224352.0,0.0,0,224352.0,2,172.217.6.234,0.0,0.0,64,0,0,8.914562829838825,0,0.0,1,0.0,0.0,0.0,0,0,0,0.0,0.0,0,224352.0,224352.0,224352.0,0.0,2,443,6,0,383,0,224352.0,0.0,8.914562829838825,0.0,64,0,0.0,0.0,22/06/2017 11:26:33,0,0.0,0.0,224352.0,0,0,0,0.0,0,10.42.0.42,0.0,BENIGN,0,0.0,0,0.0,0.0,0.0,36491,0.0,0.0,0.0,0.0,32,172.217.6.234-10.42.0.42-443-36491-6,0.0,1,0,0.0,0.0,0.0,0,0.0
0,1.0,91.0,974910,53.0,0,34.0,-1,0.0,0.0,1083.0,0,974910.0,1,10.42.0.1,0.0,0.0,40,0,0,1.0257357089372352,91,0.0,0,0.0,0.0,1.0257357089372352,0,0,1,0.0,34.0,0,974910.0,0.0,0.0,0.0,1,53,17,0,-1,0,974910.0,79.5,2.0514714178744704,34.0,40,0,0.0,91.0,22/06/2017 11:21:37,0,0.0,91.0,0.0,0,0,1,91.0,34,10.42.0.42,32.90896534380867,BENIGN,0,0.0,0,91.0,0.0,0.0,20776,0.0,34.0,34.0,34.0,40,10.42.0.1-10.42.0.42-53-20776-17,128.2169636171544,0,20,0.0,0.0,0.0,0,91.0
0,0.0,0.0,25945588,0.0,0,0.0,-1,0.0,25945588.0,0.0,0,37282.0,3,52.84.40.81,0.0,0.0,96,0,0,0.1156265951652358,0,0.0,1,0.0,0.0,0.0,0,0,0,18293576.50663992,0.0,0,12972794.0,12972794.0,37282.0,0.0,3,80,6,0,118,0,25908306.0,0.0,0.1156265951652358,0.0,96,0,0.0,0.0,22/06/2017 11:23:37,0,0.0,0.0,25908306.0,0,0,0,0.0,0,10.42.0.42,0.0,BENIGN,0,0.0,0,0.0,0.0,0.0,36205,0.0,0.0,0.0,0.0,32,10.42.0.42-52.84.40.81-36205-80-6,0.0,1,0,0.0,0.0,18293576.50663992,0,0.0
0,1.0,169.0,1460772,76.33333333333334,0,30.0,-1,0.0,0.0,6440.333333333334,0,1460772.0,1,10.42.0.1,0.0,0.0,20,0,0,0.6845695289887813,169,0.0,0,0.0,0.0,0.6845695289887813,0,0,1,0.0,30.0,0,1460772.0,0.0,0.0,0.0,1,53,17,0,-1,0,1460772.0,114.5,1.3691390579775626,30.0,20,0,0.0,169.0,22/06/2017 11:21:35,0,0.0,169.0,0.0,0,0,1,169.0,30,10.42.0.42,80.25168741735799,BENIGN,0,0.0,0,169.0,0.0,0.0,41960,0.0,30.0,30.0,30.0,20,10.42.0.1-10.42.0.42-53-41960-17,136.22933626876747,0,20,0.0,0.0,0.0,0,169.0
0,0.0,0.0,14949232,0.0,0,0.0,-1,0.0,14949232.0,0.0,0,14949232.0,2,103.7.30.118,0.0,0.0,64,0,0,0.1337861369734579,0,0.0,0,0.0,0.0,0.0,0,0,0,0.0,0.0,0,14949232.0,14949232.0,14949232.0,0.0,2,80,6,0,1386,0,14949232.0,0.0,0.1337861369734579,0.0,64,0,0.0,0.0,22/06/2017 11:23:48,0,0.0,0.0,14949232.0,0,0,0,0.0,0,10.42.0.42,0.0,BENIGN,0,0.0,0,0.0,0.0,0.0,54181,0.0,0.0,0.0,0.0,32,10.42.0.42-103.7.30.118-54181-80-6,0.0,1,0,0.0,0.0,0.0,0,0.0
0,0.0,0.0,25561839,0.0,0,0.0,-1,0.0,25561839.0,0.0,0,162046.0,3,54.192.36.129,0.0,0.0,96,0,0,0.117362447983496,0,0.0,1,0.0,0.0,0.0,0,0,0,17845782.045570448,0.0,0,12780919.5,12780919.5,162046.0,0.0,3,80,6,0,118,0,25399793.0,0.0,0.117362447983496,0.0,96,0,0.0,0.0,22/06/2017 11:23:37,0,0.0,0.0,25399793.0,0,0,0,0.0,0,10.42.0.42,0.0,BENIGN,0,0.0,0,0.0,0.0,0.0,46374,0.0,0.0,0.0,0.0,32,10.42.0.42-54.192.36.129-46374-80-6,0.0,1,0,0.0,0.0,17845782.045570448,0,0.0
0,0.0,1350.0,3193241,532.2692307692306,0,38.0,-1,629.7099634714685,3193241.0,375400.28461538465,0,5.0,15,216.58.219.227,0.0,1013147.7216656404,480,0,0,4.697421835683558,1895,3124084.0,0,3048735.0,347120.44444444444,3.131614557122372,0,0,10,607207.76004919,27.0,0,133051.70833333337,228088.64285714284,5.0,0.0,15,443,17,0,-1,0,2983158.0,553.56,7.8290363928059294,10594.0,480,14,0.0,1895.0,22/06/2017 11:19:54,0,0.0,189.5,2983158.0,0,0,10,27.0,10594,10.42.0.42,612.6991795452191,BENIGN,0,0.0,0,1350.0,413.0919321948136,0.0,54867,12.0,706.2666666666667,706.2666666666667,1350.0,32,216.58.219.227-10.42.0.42-443-54867-17,3911.07342039013,0,328,0.0,0.0,793551.2750600795,0,189.5
0,1.0,1460.0,11484494,217.6470588235294,0,0.0,229,158.40329666899106,1739904.0,186638.84135472373,0,6.0,14,183.56.172.140,0.0,2240390.837245045,336,0,0,1.219034987523177,6284,11240146.0,0,9587424.0,624452.5555555556,1.6544046259243117,0,0,19,1686999.507987173,0.0,0,358890.4375,133838.76923076925,6.0,0.0,14,80,6,1,65535,0,9587424.0,224.24242424242425,2.8734396134474887,1116.0,336,3,0.0,6284.0,22/06/2017 11:21:37,0,0.0,330.7368421052632,368361.0,0,0,19,0.0,1116,10.42.0.42,432.0171771523949,BENIGN,0,0.0,0,1460.0,541.4059723540043,0.0,49760,6.0,79.71428571428571,79.71428571428571,372.0,20,183.56.172.140-10.42.0.42-80-49760-6,644.3470648336793,0,392,0.0,0.0,136354.4925315101,0,330.7368421052632
0,0.0,0.0,20068,0.0,0,0.0,-1,0.0,20068.0,0.0,0,74.0,3,104.192.110.245,0.0,0.0,60,0,0,149.49172812437712,0,0.0,0,0.0,0.0,0.0,0,0,0,14085.567081236026,0.0,0,10034.0,10034.0,74.0,0.0,3,443,6,0,4380,0,19994.0,0.0,149.49172812437712,0.0,60,0,0.0,0.0,22/06/2017 11:24:35,0,0.0,0.0,19994.0,0,0,0,0.0,0,10.42.0.42,0.0,BENIGN,0,0.0,0,0.0,0.0,0.0,36083,0.0,0.0,0.0,0.0,20,10.42.0.42-104.192.110.245-36083-443-6,0.0,1,0,0.0,0.0,14085.567081236026,0,0.0
0,1.0,1460.0,5528302,539.25,0,0.0,123,160.84982644276204,536844.0,468862.8666666666,0,4.0,6,36.110.213.49,0.0,1756434.2840233722,140,0,0,1.085324209856842,8234,5270503.0,0,4999487.0,658812.875,1.6279863147852631,0,0,9,1326169.743509099,0.0,0,394878.7142857143,107368.8,49.0,0.0,6,80,6,1,65535,0,4991458.0,575.2,2.713310524642105,394.0,140,1,0.0,8234.0,22/06/2017 11:21:34,0,0.0,914.8888888888888,272506.0,0,0,9,0.0,394,10.42.0.42,684.7356180794648,BENIGN,0,0.0,0,1460.0,706.8557923021577,0.0,49695,4.0,65.66666666666667,65.66666666666666,394.0,20,10.42.0.42-36.110.213.49-49695-80-6,1560.6962137741389,0,192,0.0,0.0,145299.87673669925,0,914.8888888888888
0,0.0,1350.0,4085963,492.16666666666663,0,24.0,-1,584.4940452125145,4085963.0,358754.5,0,10.0,10,172.217.12.195,0.0,1570353.877737584,328,0,0,2.447403464005915,3297,4003412.0,0,3872213.0,667235.3333333334,1.7131824248041403,0,0,7,909764.8649386072,24.0,0,255372.6875,453995.8888888889,29.0,0.0,10,443,17,0,-1,0,3663720.0,521.1176470588235,4.160585888810056,4212.0,328,9,0.0,3297.0,22/06/2017 11:19:51,0,0.0,471.00000000000006,3663720.0,0,0,7,30.0,4212,10.42.0.42,598.961184051187,BENIGN,0,0.0,0,1350.0,610.2936451687281,0.0,42157,28.0,421.2,421.2,1350.0,32,172.217.12.195-10.42.0.42-443-42157-17,1837.7552611220417,0,224,0.0,0.0,1205317.0254949986,0,471.0
0,1.0,1448.0,24166736,675.8818181818182,0,0.0,74,153.53929417810906,14141236.0,450338.5271893245,0,4.0,52,104.244.43.195,61733.0,1909608.9985152136,1672,0,0,2.151717964726391,70922,24142546.0,0,10048748.0,431116.89285714267,2.3586139228731593,0,0,57,1382904.0300834612,0.0,0,223766.07407407407,277279.13725490205,7.0,10020747.0,52,443,6,1,65535,0,10025465.0,682.0825688073395,4.51033188759955,3425.0,1672,9,4058756.0,70922.0,28/08/2017 10:48:17,0,10025465.0,1244.2456140350878,10020747.0,0,0,57,0.0,3425,10.42.0.151,671.0726690823614,RANSOMWARE_SIMPLOCKER,0,10023106.0,0,1448.0,415.4261701941821,2060244.5,56892,4.0,65.86538461538461,65.86538461538461,471.0,32,10.42.0.151-104.244.43.195-56892-443-6,3076.4187600675573,0,1832,2826322.0678585977,3336.129793638131,1453328.1608064717,0,1244.2456140350878
0,1.0,46.0,1296,35.333333333333336,0,30.0,-1,0.0,0.0,85.33333333333333,0,1296.0,1,10.42.0.1,0.0,0.0,32,0,0,771.6049382716049,46,0.0,0,0.0,0.0,771.6049382716049,0,0,1,0.0,30.0,0,1296.0,0.0,0.0,0.0,1,53,17,0,-1,0,1296.0,53.0,1543.2098765432097,30.0,32,0,0.0,46.0,28/08/2017 10:34:07,0,0.0,46.0,0.0,0,0,1,46.0,30,10.42.0.151,9.237604307034012,RANSOMWARE_SIMPLOCKER,0,0.0,0,46.0,0.0,0.0,39434,0.0,30.0,30.0,30.0,32,10.42.0.151-10.42.0.1-39434-53-17,58641.97530864197,0,32,0.0,0.0,0.0,0,46.0
0,0.0,0.0,224095,0.0,0,0.0,290,0.0,208964.0,0.0,0,15131.0,2,192.229.163.180,0.0,0.0,64,0,0,8.924786362926438,0,0.0,1,0.0,0.0,4.462393181463219,0,0,1,137060.62871773206,0.0,0,112047.5,208964.0,208964.0,0.0,2,443,6,0,290,0,208964.0,0.0,13.387179544389657,0.0,64,0,0.0,0.0,22/06/2017 11:22:54,0,0.0,0.0,208964.0,0,0,1,0.0,0,10.42.0.42,0.0,BENIGN,0,0.0,0,0.0,0.0,0.0,47263,0.0,0.0,0.0,0.0,32,192.229.163.180-10.42.0.42-443-47263-6,0.0,1,32,0.0,0.0,0.0,0,0.0
0,1.0,279.0,52642,117.66666666666669,0,37.0,-1,0.0,0.0,19521.333333333336,0,52642.0,1,10.42.0.1,0.0,0.0,40,0,0,18.996238744728544,279,0.0,0,0.0,0.0,18.996238744728544,0,0,1,0.0,37.0,0,52642.0,0.0,0.0,0.0,1,53,17,0,-1,0,52642.0,176.5,37.99247748945709,37.0,40,0,0.0,279.0,28/08/2017 11:02:56,0,0.0,279.0,0.0,0,0,1,279.0,37,10.42.0.151,139.71876514388944,RANSOMWARE_SIMPLOCKER,0,0.0,0,279.0,0.0,0.0,25236,0.0,37.0,37.0,37.0,40,10.42.0.151-10.42.0.1-25236-53-17,6002.81144333422,0,32,0.0,0.0,0.0,0,279.0
0,0.0,0.0,1574309,0.0,0,0.0,-1,0.0,1574309.0,0.0,0,1574309.0,2,103.235.47.110,0.0,0.0,40,0,0,1.2703986320347531,0,0.0,1,0.0,0.0,0.0,0,0,0,0.0,0.0,0,1574309.0,1574309.0,1574309.0,0.0,2,443,6,0,1552,0,1574309.0,0.0,1.2703986320347531,0.0,40,0,0.0,0.0,28/08/2017 10:42:38,0,0.0,0.0,1574309.0,0,0,0,0.0,0,10.42.0.151,0.0,RANSOMWARE_SIMPLOCKER,0,0.0,0,0.0,0.0,0.0,49597,0.0,0.0,0.0,0.0,20,10.42.0.151-103.235.47.110-49597-443-6,0.0,1,0,0.0,0.0,0.0,0,0.0
0,1.0,193.0,732145,88.33333333333334,0,36.0,-1,0.0,0.0,8216.333333333334,0,732145.0,1,10.42.0.1,0.0,0.0,32,0,0,1.3658496609278217,193,0.0,0,0.0,0.0,1.3658496609278217,0,0,1,0.0,36.0,0,732145.0,0.0,0.0,0.0,1,53,17,0,-1,0,732145.0,132.5,2.7316993218556433,36.0,32,0,0.0,193.0,28/08/2017 10:41:00,0,0.0,193.0,0.0,0,0,1,193.0,36,10.42.0.151,90.64399226277123,RANSOMWARE_SIMPLOCKER,0,0.0,0,193.0,0.0,0.0,35821,0.0,36.0,36.0,36.0,32,10.42.0.151-10.42.0.1-35821-53-17,312.7795723524711,0,32,0.0,0.0,0.0,0,193.0
0,1.0,81.0,31976,49.666666666666664,0,34.0,-1,0.0,0.0,736.3333333333333,0,31976.0,1,10.42.0.1,0.0,0.0,40,0,0,31.273455091318493,81,0.0,0,0.0,0.0,31.273455091318493,0,0,1,0.0,34.0,0,31976.0,0.0,0.0,0.0,1,53,17,0,-1,0,31976.0,74.5,62.546910182636985,34.0,40,0,0.0,81.0,22/06/2017 11:21:37,0,0.0,81.0,0.0,0,0,1,81.0,34,10.42.0.42,27.13546265191241,BENIGN,0,0.0,0,81.0,0.0,0.0,64849,0.0,34.0,34.0,34.0,40,10.42.0.1-10.42.0.42-53-64849-17,3596.447335501626,0,20,0.0,0.0,0.0,0,81.0
0,1.0,261.0,1237544,107.0,0,30.0,-1,0.0,0.0,17787.0,0,1237544.0,1,10.42.0.1,0.0,0.0,20,0,0,0.8080520773402804,261,0.0,0,0.0,0.0,0.8080520773402804,0,0,1,0.0,30.0,0,1237544.0,0.0,0.0,0.0,1,53,17,0,-1,0,1237544.0,160.5,1.6161041546805608,30.0,20,0,0.0,261.0,22/06/2017 11:23:14,0,0.0,261.0,0.0,0,0,1,261.0,30,10.42.0.42,133.36791218280356,BENIGN,0,0.0,0,261.0,0.0,0.0,39231,0.0,30.0,30.0,30.0,20,10.42.0.1-10.42.0.42-53-39231-17,235.1431545060216,0,32,0.0,0.0,0.0,0,261.0
0,1.0,23.0,36507,15.333333333333332,0,23.0,468,0.0,0.0,176.33333333333334,0,36507.0,1,172.217.12.174,0.0,0.0,32,1,0,27.3920070123538,0,0.0,0,0.0,0.0,27.3920070123538,0,0,1,0.0,0.0,1,36507.0,0.0,0.0,0.0,1,443,6,0,1419,0,36507.0,23.0,54.784014024707595,23.0,32,0,0.0,0.0,22/06/2017 11:20:28,0,0.0,0.0,0.0,0,0,1,0.0,23,10.42.0.42,13.279056191361391,BENIGN,0,0.0,0,0.0,0.0,0.0,35188,0.0,23.0,23.0,23.0,32,172.217.12.174-10.42.0.42-443-35188-6,630.0161612841373,1,32,0.0,0.0,0.0,0,0.0
0,1.0,0.0,10848,0.0,0,0.0,114,0.0,0.0,0.0,0,10848.0,1,31.13.71.1,0.0,0.0,32,0,0,92.18289085545725,0,0.0,0,0.0,0.0,92.18289085545725,0,0,1,0.0,0.0,0,10848.0,0.0,0.0,0.0,1,443,6,0,1386,0,10848.0,0.0,184.3657817109145,0.0,32,0,0.0,0.0,22/06/2017 11:21:56,0,0.0,0.0,0.0,0,0,1,0.0,0,10.42.0.42,0.0,BENIGN,0,0.0,0,0.0,0.0,0.0,59801,0.0,0.0,0.0,0.0,32,10.42.0.42-31.13.71.1-59801-443-6,0.0,1,32,0.0,0.0,0.0,0,0.0
0,1.0,47.0,99223,36.333333333333336,0,31.0,-1,0.0,0.0,85.33333333333333,0,99223.0,1,10.42.0.1,0.0,0.0,40,0,0,10.078308456708626,47,0.0,0,0.0,0.0,10.078308456708626,0,0,1,0.0,31.0,0,99223.0,0.0,0.0,0.0,1,53,17,0,-1,0,99223.0,54.5,20.156616913417253,31.0,40,0,0.0,47.0,22/06/2017 11:21:37,0,0.0,47.0,0.0,0,0,1,47.0,31,10.42.0.42,9.237604307034012,BENIGN,0,0.0,0,47.0,0.0,0.0,25222,0.0,31.0,31.0,31.0,40,10.42.0.1-10.42.0.42-53-25222-17,786.1080596232728,0,20,0.0,0.0,0.0,0,47.0
0,1.0,1340.0,61194515,394.4318181818182,0,0.0,4491,195.31375247217463,1268594.0,348197.4138477801,0,5.0,21,119.146.74.33,1268594.0,13076052.476243995,464,0,0,0.3431680110545855,16147,60946943.0,0,59968587.0,2902235.3809523806,0.3595093449143277,0,0,22,9242286.50244581,0.0,0,1457012.261904762,63429.69999999998,9.0,59925894.0,21,443,6,1,65535,0,59925894.0,403.6046511627907,0.7026773559689132,1208.0,464,3,1268594.0,16147.0,28/08/2017 10:41:28,0,59925894.0,733.9545454545455,306694.0,0,0,22,0.0,1208,10.42.0.151,590.0825483335193,RANSOMWARE_SIMPLOCKER,0,59925894.0,0,1340.0,659.518256888186,1268594.0,48309,5.0,57.523809523809526,57.52380952380953,881.0,20,10.42.0.151-119.146.74.33-48309-443-6,283.6038491358253,0,464,0.0,0.0,103267.32864046034,0,733.9545454545455
0,0.0,0.0,59499013,0.0,0,0.0,-1,0.0,59499013.0,0.0,0,16.0,6,8.0.6.4,156590.0,0.0,0,0,0,0.1008420089254253,0,0.0,0,0.0,0.0,0.0,0,0,0,26461514.802769095,0.0,0,11899802.599999998,11899802.599999998,16.0,59235445.0,6,0,0,0,-1,0,59235445.0,0.0,0.1008420089254253,0.0,0,0,156590.0,0.0,22/06/2017 11:30:38,0,59235445.0,0.0,59235445.0,0,0,0,0.0,0,8.6.0.1,0.0,BENIGN,0,59235445.0,0,0.0,0.0,156590.0,0,0.0,0.0,0.0,0.0,0,8.0.6.4-8.6.0.1-0-0-0,0.0,0,0,0.0,0.0,26461514.802769095,0,0.0
0,0.0,0.0,24779992,0.0,0,0.0,-1,0.0,24779992.0,0.0,0,24779992.0,2,203.205.128.137,0.0,0.0,64,0,0,0.0807102762583619,0,0.0,0,0.0,0.0,0.0,0,0,0,0.0,0.0,0,24779992.0,24779992.0,24779992.0,0.0,2,80,6,0,1369,0,24779992.0,0.0,0.0807102762583619,0.0,64,0,0.0,0.0,22/06/2017 11:23:38,0,0.0,0.0,24779992.0,0,0,0,0.0,0,10.42.0.42,0.0,BENIGN,0,0.0,0,0.0,0.0,0.0,42960,0.0,0.0,0.0,0.0,32,203.205.128.137-10.42.0.42-80-42960-6,0.0,1,0,0.0,0.0,0.0,0,0.0
0,1.0,74.0,173573,47.333333333333336,0,34.0,-1,0.0,0.0,533.3333333333334,0,173573.0,1,10.42.0.1,0.0,0.0,20,0,0,5.76126471282976,74,0.0,0,0.0,0.0,5.76126471282976,0,0,1,0.0,34.0,0,173573.0,0.0,0.0,0.0,1,53,17,0,-1,0,173573.0,71.0,11.52252942565952,34.0,20,0,0.0,74.0,28/08/2017 11:04:08,0,0.0,74.0,0.0,0,0,1,74.0,34,10.42.0.151,23.094010767585033,RANSOMWARE_SIMPLOCKER,0,0.0,0,74.0,0.0,0.0,61485,0.0,34.0,34.0,34.0,20,10.42.0.151-10.42.0.1-61485-53-17,622.2165889856141,0,20,0.0,0.0,0.0,0,74.0
0,0.0,0.0,51328856,0.0,0,0.0,64240,0.0,51328856.0,0.0,0,2188.0,4,121.12.98.63,0.0,0.0,120,0,0,0.0779288749392739,0,0.0,0,0.0,0.0,0.0194822187348184,0,0,1,24837322.748373862,0.0,0,12832214.0,17109618.666666664,255170.0,0.0,4,80,6,1,65535,0,50082881.0,0.0,0.0974110936740924,0.0,120,0,0.0,0.0,22/06/2017 11:21:37,0,0.0,0.0,50082881.0,0,0,1,0.0,0,10.42.0.42,0.0,BENIGN,0,0.0,0,0.0,0.0,0.0,37089,0.0,0.0,0.0,0.0,20,10.42.0.42-121.12.98.63-37089-80-6,0.0,0,32,0.0,0.0,28558051.60353942,0,0.0
0,0.0,0.0,23738447,0.0,0,0.0,-1,0.0,23738447.0,0.0,0,23738447.0,2,14.17.42.57,0.0,0.0,64,0,0,0.084251509797587,0,0.0,0,0.0,0.0,0.0,0,0,0,0.0,0.0,0,23738447.0,23738447.0,23738447.0,0.0,2,80,6,0,1386,0,23738447.0,0.0,0.084251509797587,0.0,64,0,0.0,0.0,22/06/2017 11:23:39,0,0.0,0.0,23738447.0,0,0,0,0.0,0,10.42.0.42,0.0,BENIGN,0,0.0,0,0.0,0.0,0.0,36218,0.0,0.0,0.0,0.0,32,10.42.0.42-14.17.42.57-36218-80-6,0.0,1,0,0.0,0.0,0.0,0,0.0
